{
	"credit": "Made with Blockbench",
	"textures": {
		"0": "block/green_stained_glass_pane_top",
		"1": "block/green_stained_glass",
		"2": "block/green_bottle_label",
		"particle": "block/green_stained_glass_pane_top"
	},
	"elements": [
		{
			"from": [6, 0, 6],
			"to": [10, 8, 10],
			"faces": {
				"north": {"uv": [8, 16, 16, 0], "texture": "#2"},
				"east": {"uv": [0, 8, 4, 0], "texture": "#1"},
				"south": {"uv": [0, 16, 8, 0], "texture": "#2"},
				"west": {"uv": [0, 8, 4, 0], "texture": "#1"},
				"up": {"uv": [7, 2, 9, 0], "texture": "#0"},
				"down": {"uv": [7, 2, 9, 0], "texture": "#0"}
			}
		},
		{
			"from": [7, 8, 7],
			"to": [9, 12, 9],
			"faces": {
				"north": {"uv": [5, 1, 7, 5], "texture": "#1"},
				"east": {"uv": [5, 1, 7, 5], "texture": "#1"},
				"south": {"uv": [5, 1, 7, 5], "texture": "#1"},
				"west": {"uv": [5, 1, 7, 5], "texture": "#1"},
				"down": {"uv": [5, 1, 7, 5], "texture": "#1"}
			}
		},
		{
			"from": [6.5, 12, 6.5],
			"to": [9.5, 13, 9.5],
			"faces": {
				"north": {"uv": [7, 0, 9, 1], "texture": "#0"},
				"east": {"uv": [7, 0, 9, 1], "texture": "#0"},
				"south": {"uv": [7, 0, 9, 1], "texture": "#0"},
				"west": {"uv": [7, 0, 9, 1], "texture": "#0"},
				"up": {"uv": [7, 0, 9, 2], "texture": "#0"},
				"down": {"uv": [7, 0, 9, 2], "texture": "#0"}
			}
		}
	],
	"gui_light": "front",
	"display": {
		"thirdperson_righthand": {
			"rotation": [0, 0, -180],
			"translation": [0, 2.75, 1.75],
			"scale": [0.75, 0.75, 0.75]
		},
		"thirdperson_lefthand": {
			"rotation": [0, 0, -180],
			"translation": [0, 2.75, 1.75],
			"scale": [0.75, 0.75, 0.75]
		},
		"firstperson_righthand": {
			"rotation": [0, 0, -180],
			"translation": [0, 1.25, 0],
			"scale": [0.75, 0.75, 0.75]
		},
		"firstperson_lefthand": {
			"rotation": [0, 0, -180],
			"translation": [0, 1.25, 0],
			"scale": [0.75, 0.75, 0.75]
		},
		"ground": {
			"translation": [0, 2.75, 0],
			"scale": [0.75, 0.75, 0.75]
		},
		"gui": {
			"rotation": [30, 225, 0],
			"translation": [0, 1.75, 0]
		},
		"head": {
			"translation": [0, 16.25, 0],
			"scale": [1.25, 1.25, 1.25]
		}
	}
}