{
	"parent": "item/guns/generic_gun_charged",
	"textures": {
		"layer0": "item/guns/pistol/pistol"
	},
	"display": {
		"thirdperson_righthand": {
			"rotation": [-90, -90, -50],
			"translation": [0, 0.1, -2.5],
			"scale": [1.5, 1.5, 1.25]
		},
		"thirdperson_lefthand": {
			"rotation": [-90, 90, 50],
			"translation": [0, 0.1, -2.5],
			"scale": [1.5, 1.5, 1.25]
		},
		"firstperson_righthand": {
			"rotation": [0, -90, 43],
			"translation": [-9, 13, 1.1],
			"scale": [1.5, 1.5, 1.25]
		},
		"firstperson_lefthand": {
			"rotation": [0, 90, -43],
			"translation": [-9, 13, 1.1],
			"scale": [1.5, 1.5, 1.25]
		},
		"ground": {
			"translation": [0, 2.75, 0],
			"scale": [1.5, 1.5, 1.25]
		},
		"gui": {
			"scale": [2, 2, 1.25]
		},
		"fixed": {
			"rotation": [0, 180, 0],
			"scale": [2, 2, 1.25]
		}
	}
}