{
	"parent": "item/generated",
	"textures": {
		"layer0": "item/guns/pistol/pistol"
	},
	"display": {
		"thirdperson_righthand": {
			"rotation": [-90, -90, -50],
			"translation": [0, 0.1, -2.5],
			"scale": [1.5, 1.5, 1.25]
		},
		"thirdperson_lefthand": {
			"rotation": [-90, 90, 50],
			"translation": [0, 0.1, -2.5],
			"scale": [1.5, 1.5, 1.25]
		},
		"firstperson_righthand": {
			"rotation": [0, -56, 72],
			"translation": [-1.5, 12.5, 1.13],
			"scale": [1.5, 1.5, 1.25]
		},
		"firstperson_lefthand": {
			"rotation": [-90, 90, 51],
			"translation": [-1.5, 13.7, 1.13],
			"scale": [1.5, 1.5, 1.25]
		},
		"ground": {
			"translation": [0, 2.75, 0],
			"scale": [1.5, 1.5, 1.25]
		},
		"gui": {
			"scale": [2, 2, 1.25]
		},
		"fixed": {
			"rotation": [0, 180, 0],
			"scale": [2, 2, 1.25]
		}
	}
}