{
	"credit": "Made with Blockbench",
	"texture_size": [64, 64],
	"textures": {
		"2": "item/tank/tank_3",
		"particle": "item/tank/tank_1"
	},
	"elements": [
		{
			"from": [6, 18, -16],
			"to": [10, 22, 9],
			"rotation": {"angle": 0, "axis": "y", "origin": [8, 20, -3.5]},
			"faces": {
				"north": {"uv": [5, 0, 6, 1], "texture": "#2"},
				"east": {"uv": [6.25, 0, 12.5, 1], "texture": "#2"},
				"south": {"uv": [5, 0, 6.25, 1], "texture": "#2"},
				"west": {"uv": [12.5, 0, 6.25, 1], "texture": "#2"},
				"up": {"uv": [12.5, 0, 6.25, 1], "rotation": 90, "texture": "#2"},
				"down": {"uv": [6.25, 0, 12.5, 1], "rotation": 90, "texture": "#2"}
			}
		}
	],
	"display": {
		"head": {
			"translation": [0, -20.75, -12.5],
			"scale": [2.5, 2.5, 2.5]
		}
	}
}