{
	"credit": "Made with Blockbench",
	"texture_size": [64, 64],
	"textures": {
		"0": "item/tank/tank_1",
		"1": "item/tank/tank_2",
		"particle": "item/tank/tank_1"
	},
	"elements": [
		{
			"from": [-8, 11, -11],
			"to": [24, 13, 30],
			"rotation": {"angle": 0, "axis": "y", "origin": [8, 13, 8]},
			"faces": {
				"north": {"uv": [6, 12.75, 14, 13.25], "texture": "#0"},
				"east": {"uv": [10.25, 15.5, 0, 16], "texture": "#0"},
				"south": {"uv": [6, 12.75, 14, 13.25], "texture": "#0"},
				"west": {"uv": [0, 15.5, 10.25, 16], "texture": "#0"},
				"up": {"uv": [0, 0, 10.25, 8], "rotation": 90, "texture": "#1"}
			}
		},
		{
			"from": [-8, 13, -7],
			"to": [24, 15, 28],
			"rotation": {"angle": 0, "axis": "y", "origin": [8, 15, 8]},
			"faces": {
				"north": {"uv": [9.75, 0, 10.25, 8], "rotation": 90, "texture": "#1"},
				"east": {"uv": [0, 15, 8.75, 15.5], "texture": "#0"},
				"south": {"uv": [9.75, 0, 10.25, 8], "rotation": 90, "texture": "#1"},
				"west": {"uv": [0, 15, 8.75, 15.5], "texture": "#0"},
				"up": {"uv": [0, 8, 8.75, 16], "rotation": 90, "texture": "#1"},
				"down": {"uv": [9.75, 0.5, 10.25, 8.5], "rotation": 90, "texture": "#1"}
			}
		},
		{
			"from": [1, 15, 6],
			"to": [15, 16, 20],
			"rotation": {"angle": 0, "axis": "y", "origin": [8, 14, 9]},
			"faces": {
				"north": {"uv": [0, 14.75, 3.5, 15], "texture": "#0"},
				"east": {"uv": [0, 14.75, 3.5, 15], "texture": "#0"},
				"south": {"uv": [0, 14.75, 3.5, 15], "texture": "#0"},
				"west": {"uv": [0, 14.75, 3.5, 15], "texture": "#0"}
			}
		},
		{
			"from": [-8, 6, -15],
			"to": [24, 11, 32],
			"faces": {
				"north": {"uv": [6, 13.25, 14, 14.5], "texture": "#0"},
				"east": {"uv": [14, 13.25, 15.25, 1.5], "rotation": 90, "texture": "#0"},
				"south": {"uv": [6, 13.25, 14, 14.5], "texture": "#0"},
				"west": {"uv": [14, 1.5, 15.25, 13.25], "rotation": 90, "texture": "#0"},
				"up": {"uv": [6, 1.5, 14, 13.25], "texture": "#0"},
				"down": {"uv": [6, 1.5, 14, 13.25], "texture": "#0"}
			}
		},
		{
			"from": [-1, 2, -11.5],
			"to": [17, 6, 28.5],
			"rotation": {"angle": 0, "axis": "y", "origin": [8, 2.5, 8.5]},
			"faces": {
				"north": {"uv": [1.5, 1.5, 6, 2.5], "texture": "#0"},
				"south": {"uv": [1.5, 13.75, 6, 12.75], "texture": "#0"},
				"down": {"uv": [1.5, 2.5, 6, 12.75], "texture": "#0"}
			}
		},
		{
			"from": [17, 0, -12.5],
			"to": [23, 6, 29.5],
			"rotation": {"angle": 0, "axis": "y", "origin": [18.5, -1.5, -0.5]},
			"faces": {
				"north": {"uv": [0, 0, 1.5, 1.5], "texture": "#0"},
				"east": {"uv": [12, 0, 1.5, 1.5], "texture": "#0"},
				"south": {"uv": [0, 0, 1.5, 1.5], "texture": "#0"},
				"west": {"uv": [1.5, 0, 12, 1.5], "texture": "#0"},
				"down": {"uv": [0, 1.5, 1.5, 12], "texture": "#0"}
			}
		},
		{
			"from": [-7, 0, -12.5],
			"to": [-1, 6, 29.5],
			"rotation": {"angle": 0, "axis": "y", "origin": [-5.5, -1.5, -0.5]},
			"faces": {
				"north": {"uv": [0, 0, 1.5, 1.5], "texture": "#0"},
				"east": {"uv": [12, 0, 1.5, 1.5], "texture": "#0"},
				"south": {"uv": [0, 0, 1.5, 1.5], "texture": "#0"},
				"west": {"uv": [1.5, 0, 12, 1.5], "texture": "#0"},
				"down": {"uv": [0, 1.5, 1.5, 12], "texture": "#0"}
			}
		}
	],
	"display": {
		"head": {
			"translation": [0, -20.75, -12.5],
			"scale": [2.5, 2.5, 2.5]
		}
	}
}