{
	"credit": "Made with Blockbench",
	"texture_size": [32, 32],
	"elements": [
		{
			"from": [13, 2, -6],
			"to": [18, 6, -4],
			"rotation": {"angle": 0, "axis": "y", "origin": [15.5, 4, -2]},
			"color": 6,
			"faces": {
				"north": {"uv": [0, 0, 2.5, 2], "texture": "#missing"},
				"east": {"uv": [0, 0, 1, 2], "texture": "#missing"},
				"south": {"uv": [0, 0, 2.5, 2], "texture": "#missing"},
				"west": {"uv": [0, 0, 1, 2], "texture": "#missing"},
				"up": {"uv": [0, 0, 2.5, 1], "texture": "#missing"},
				"down": {"uv": [0, 0, 2.5, 1], "texture": "#missing"}
			}
		},
		{
			"from": [13, 0, -4],
			"to": [18, 2, 0],
			"rotation": {"angle": 45, "axis": "x", "origin": [15.5, 4, -2]},
			"color": 6,
			"faces": {
				"north": {"uv": [0, 0, 2.5, 1], "texture": "#missing"},
				"east": {"uv": [0, 0, 2, 1], "texture": "#missing"},
				"south": {"uv": [0, 0, 2.5, 1], "texture": "#missing"},
				"west": {"uv": [0, 0, 2, 1], "texture": "#missing"},
				"up": {"uv": [0, 0, 2.5, 2], "texture": "#missing"},
				"down": {"uv": [0, 0, 2.5, 2], "texture": "#missing"}
			}
		},
		{
			"from": [13, 6, -4],
			"to": [18, 8, 0],
			"rotation": {"angle": -45, "axis": "x", "origin": [15.5, 4, -2]},
			"color": 6,
			"faces": {
				"north": {"uv": [0, 0, 2.5, 1], "texture": "#missing"},
				"east": {"uv": [0, 0, 2, 1], "texture": "#missing"},
				"south": {"uv": [0, 0, 2.5, 1], "texture": "#missing"},
				"west": {"uv": [0, 0, 2, 1], "texture": "#missing"},
				"up": {"uv": [0, 0, 2.5, 2], "texture": "#missing"},
				"down": {"uv": [0, 0, 2.5, 2], "texture": "#missing"}
			}
		},
		{
			"from": [13, 6, -4],
			"to": [18, 8, 0],
			"rotation": {"angle": 0, "axis": "y", "origin": [15.5, 4, -2]},
			"color": 6,
			"faces": {
				"north": {"uv": [0, 0, 2.5, 1], "rotation": 180, "texture": "#missing"},
				"east": {"uv": [0, 0, 1, 2], "rotation": 90, "texture": "#missing"},
				"south": {"uv": [0, 0, 2.5, 1], "texture": "#missing"},
				"west": {"uv": [0, 0, 1, 2], "rotation": 270, "texture": "#missing"},
				"up": {"uv": [0, 0, 2.5, 2], "texture": "#missing"},
				"down": {"uv": [0, 0, 2.5, 2], "rotation": 180, "texture": "#missing"}
			}
		},
		{
			"from": [13, 2, 0],
			"to": [18, 6, 2],
			"rotation": {"angle": 45, "axis": "x", "origin": [15.5, 4, -2]},
			"color": 6,
			"faces": {
				"north": {"uv": [0, 0, 2.5, 2], "rotation": 180, "texture": "#missing"},
				"east": {"uv": [0, 0, 2, 1], "rotation": 270, "texture": "#missing"},
				"south": {"uv": [0, 0, 2.5, 2], "texture": "#missing"},
				"west": {"uv": [0, 0, 2, 1], "rotation": 90, "texture": "#missing"},
				"up": {"uv": [0, 0, 2.5, 1], "rotation": 180, "texture": "#missing"},
				"down": {"uv": [0, 0, 2.5, 1], "texture": "#missing"}
			}
		},
		{
			"from": [13, 2, 0],
			"to": [18, 6, 2],
			"rotation": {"angle": 0, "axis": "y", "origin": [15.5, 4, -2]},
			"color": 6,
			"faces": {
				"north": {"uv": [0, 0, 2.5, 2], "rotation": 180, "texture": "#missing"},
				"east": {"uv": [0, 0, 1, 2], "rotation": 180, "texture": "#missing"},
				"south": {"uv": [0, 0, 2.5, 2], "rotation": 180, "texture": "#missing"},
				"west": {"uv": [0, 0, 1, 2], "rotation": 180, "texture": "#missing"},
				"up": {"uv": [0, 0, 2.5, 1], "texture": "#missing"},
				"down": {"uv": [0, 0, 2.5, 1], "texture": "#missing"}
			}
		},
		{
			"from": [13, 6, -4],
			"to": [18, 8, 0],
			"rotation": {"angle": 45, "axis": "x", "origin": [15.5, 4, -2]},
			"color": 6,
			"faces": {
				"north": {"uv": [0, 0, 2.5, 1], "rotation": 180, "texture": "#missing"},
				"east": {"uv": [0, 0, 2, 1], "rotation": 180, "texture": "#missing"},
				"south": {"uv": [0, 0, 2.5, 1], "rotation": 180, "texture": "#missing"},
				"west": {"uv": [0, 0, 2, 1], "rotation": 180, "texture": "#missing"},
				"up": {"uv": [0, 0, 2.5, 2], "texture": "#missing"},
				"down": {"uv": [0, 0, 2.5, 2], "texture": "#missing"}
			}
		},
		{
			"from": [13, 0, -4],
			"to": [18, 2, 0],
			"rotation": {"angle": 0, "axis": "y", "origin": [15.5, 4, -2]},
			"color": 6,
			"faces": {
				"north": {"uv": [0, 0, 2.5, 1], "rotation": 180, "texture": "#missing"},
				"east": {"uv": [0, 0, 1, 2], "rotation": 270, "texture": "#missing"},
				"south": {"uv": [0, 0, 2.5, 1], "texture": "#missing"},
				"west": {"uv": [0, 0, 1, 2], "rotation": 90, "texture": "#missing"},
				"up": {"uv": [0, 0, 2.5, 2], "rotation": 180, "texture": "#missing"},
				"down": {"uv": [0, 0, 2.5, 2], "texture": "#missing"}
			}
		},
		{
			"from": [14, 1, -4],
			"to": [17, 6, 0],
			"rotation": {"angle": 0, "axis": "y", "origin": [0, 0, 2]},
			"color": 0,
			"faces": {
				"north": {"uv": [0, 0, 1.5, 2.5], "texture": "#missing"},
				"east": {"uv": [0, 0, 2, 2.5], "texture": "#missing"},
				"south": {"uv": [0, 0, 1.5, 2.5], "texture": "#missing"},
				"west": {"uv": [0, 0, 2, 2.5], "texture": "#missing"},
				"up": {"uv": [0, 0, 1.5, 2], "texture": "#missing"},
				"down": {"uv": [0, 0, 1.5, 2], "texture": "#missing"}
			}
		},
		{
			"from": [-2, 2, -6],
			"to": [3, 6, -4],
			"rotation": {"angle": 0, "axis": "y", "origin": [0.5, 4, -2]},
			"color": 6,
			"faces": {
				"north": {"uv": [0, 0, 2.5, 2], "texture": "#missing"},
				"east": {"uv": [0, 0, 1, 2], "texture": "#missing"},
				"south": {"uv": [0, 0, 2.5, 2], "texture": "#missing"},
				"west": {"uv": [0, 0, 1, 2], "texture": "#missing"},
				"up": {"uv": [0, 0, 2.5, 1], "texture": "#missing"},
				"down": {"uv": [0, 0, 2.5, 1], "texture": "#missing"}
			}
		},
		{
			"from": [-2, 0, -4],
			"to": [3, 2, 0],
			"rotation": {"angle": 45, "axis": "x", "origin": [0.5, 4, -2]},
			"color": 6,
			"faces": {
				"north": {"uv": [0, 0, 2.5, 1], "texture": "#missing"},
				"east": {"uv": [0, 0, 2, 1], "texture": "#missing"},
				"south": {"uv": [0, 0, 2.5, 1], "texture": "#missing"},
				"west": {"uv": [0, 0, 2, 1], "texture": "#missing"},
				"up": {"uv": [0, 0, 2.5, 2], "texture": "#missing"},
				"down": {"uv": [0, 0, 2.5, 2], "texture": "#missing"}
			}
		},
		{
			"from": [-2, 6, -4],
			"to": [3, 8, 0],
			"rotation": {"angle": -45, "axis": "x", "origin": [0.5, 4, -2]},
			"color": 6,
			"faces": {
				"north": {"uv": [0, 0, 2.5, 1], "texture": "#missing"},
				"east": {"uv": [0, 0, 2, 1], "texture": "#missing"},
				"south": {"uv": [0, 0, 2.5, 1], "texture": "#missing"},
				"west": {"uv": [0, 0, 2, 1], "texture": "#missing"},
				"up": {"uv": [0, 0, 2.5, 2], "texture": "#missing"},
				"down": {"uv": [0, 0, 2.5, 2], "texture": "#missing"}
			}
		},
		{
			"from": [-2, 6, -4],
			"to": [3, 8, 0],
			"rotation": {"angle": 0, "axis": "x", "origin": [0.5, 4, -2]},
			"color": 6,
			"faces": {
				"north": {"uv": [0, 0, 2.5, 1], "rotation": 180, "texture": "#missing"},
				"east": {"uv": [0, 0, 1, 2], "rotation": 90, "texture": "#missing"},
				"south": {"uv": [0, 0, 2.5, 1], "texture": "#missing"},
				"west": {"uv": [0, 0, 1, 2], "rotation": 270, "texture": "#missing"},
				"up": {"uv": [0, 0, 2.5, 2], "texture": "#missing"},
				"down": {"uv": [0, 0, 2.5, 2], "rotation": 180, "texture": "#missing"}
			}
		},
		{
			"from": [-2, 2, 0],
			"to": [3, 6, 2],
			"rotation": {"angle": 45, "axis": "x", "origin": [0.5, 4, -2]},
			"color": 6,
			"faces": {
				"north": {"uv": [0, 0, 2.5, 2], "rotation": 180, "texture": "#missing"},
				"east": {"uv": [0, 0, 2, 1], "rotation": 270, "texture": "#missing"},
				"south": {"uv": [0, 0, 2.5, 2], "texture": "#missing"},
				"west": {"uv": [0, 0, 2, 1], "rotation": 90, "texture": "#missing"},
				"up": {"uv": [0, 0, 2.5, 1], "rotation": 180, "texture": "#missing"},
				"down": {"uv": [0, 0, 2.5, 1], "texture": "#missing"}
			}
		},
		{
			"from": [-2, 2, 0],
			"to": [3, 6, 2],
			"rotation": {"angle": 0, "axis": "x", "origin": [0.5, 4, -2]},
			"color": 6,
			"faces": {
				"north": {"uv": [0, 0, 2.5, 2], "rotation": 180, "texture": "#missing"},
				"east": {"uv": [0, 0, 1, 2], "rotation": 180, "texture": "#missing"},
				"south": {"uv": [0, 0, 2.5, 2], "rotation": 180, "texture": "#missing"},
				"west": {"uv": [0, 0, 1, 2], "rotation": 180, "texture": "#missing"},
				"up": {"uv": [0, 0, 2.5, 1], "texture": "#missing"},
				"down": {"uv": [0, 0, 2.5, 1], "texture": "#missing"}
			}
		},
		{
			"from": [-2, 6, -4],
			"to": [3, 8, 0],
			"rotation": {"angle": 45, "axis": "x", "origin": [0.5, 4, -2]},
			"color": 6,
			"faces": {
				"north": {"uv": [0, 0, 2.5, 1], "rotation": 180, "texture": "#missing"},
				"east": {"uv": [0, 0, 2, 1], "rotation": 180, "texture": "#missing"},
				"south": {"uv": [0, 0, 2.5, 1], "rotation": 180, "texture": "#missing"},
				"west": {"uv": [0, 0, 2, 1], "rotation": 180, "texture": "#missing"},
				"up": {"uv": [0, 0, 2.5, 2], "texture": "#missing"},
				"down": {"uv": [0, 0, 2.5, 2], "texture": "#missing"}
			}
		},
		{
			"from": [-2, 0, -4],
			"to": [3, 2, 0],
			"rotation": {"angle": 0, "axis": "x", "origin": [0.5, 4, -2]},
			"color": 6,
			"faces": {
				"north": {"uv": [0, 0, 2.5, 1], "rotation": 180, "texture": "#missing"},
				"east": {"uv": [0, 0, 1, 2], "rotation": 270, "texture": "#missing"},
				"south": {"uv": [0, 0, 2.5, 1], "texture": "#missing"},
				"west": {"uv": [0, 0, 1, 2], "rotation": 90, "texture": "#missing"},
				"up": {"uv": [0, 0, 2.5, 2], "rotation": 180, "texture": "#missing"},
				"down": {"uv": [0, 0, 2.5, 2], "texture": "#missing"}
			}
		},
		{
			"from": [-1, 1, -4],
			"to": [2, 6, 0],
			"rotation": {"angle": 0, "axis": "y", "origin": [0, 0, 2]},
			"color": 0,
			"faces": {
				"north": {"uv": [0, 0, 1.5, 2.5], "texture": "#missing"},
				"east": {"uv": [0, 0, 2, 2.5], "texture": "#missing"},
				"south": {"uv": [0, 0, 1.5, 2.5], "texture": "#missing"},
				"west": {"uv": [0, 0, 2, 2.5], "texture": "#missing"},
				"up": {"uv": [0, 0, 1.5, 2], "texture": "#missing"},
				"down": {"uv": [0, 0, 1.5, 2], "texture": "#missing"}
			}
		},
		{
			"from": [13, 2, 12],
			"to": [18, 6, 14],
			"rotation": {"angle": 0, "axis": "y", "origin": [15.5, 4, 16]},
			"color": 6,
			"faces": {
				"north": {"uv": [0, 0, 2.5, 2], "texture": "#missing"},
				"east": {"uv": [0, 0, 1, 2], "texture": "#missing"},
				"south": {"uv": [0, 0, 2.5, 2], "texture": "#missing"},
				"west": {"uv": [0, 0, 1, 2], "texture": "#missing"},
				"up": {"uv": [0, 0, 2.5, 1], "texture": "#missing"},
				"down": {"uv": [0, 0, 2.5, 1], "texture": "#missing"}
			}
		},
		{
			"from": [13, 0, 14],
			"to": [18, 2, 18],
			"rotation": {"angle": 45, "axis": "x", "origin": [15.5, 4, 16]},
			"color": 6,
			"faces": {
				"north": {"uv": [0, 0, 2.5, 1], "texture": "#missing"},
				"east": {"uv": [0, 0, 2, 1], "texture": "#missing"},
				"south": {"uv": [0, 0, 2.5, 1], "texture": "#missing"},
				"west": {"uv": [0, 0, 2, 1], "texture": "#missing"},
				"up": {"uv": [0, 0, 2.5, 2], "texture": "#missing"},
				"down": {"uv": [0, 0, 2.5, 2], "texture": "#missing"}
			}
		},
		{
			"from": [13, 6, 14],
			"to": [18, 8, 18],
			"rotation": {"angle": -45, "axis": "x", "origin": [15.5, 4, 16]},
			"color": 6,
			"faces": {
				"north": {"uv": [0, 0, 2.5, 1], "texture": "#missing"},
				"east": {"uv": [0, 0, 2, 1], "texture": "#missing"},
				"south": {"uv": [0, 0, 2.5, 1], "texture": "#missing"},
				"west": {"uv": [0, 0, 2, 1], "texture": "#missing"},
				"up": {"uv": [0, 0, 2.5, 2], "texture": "#missing"},
				"down": {"uv": [0, 0, 2.5, 2], "texture": "#missing"}
			}
		},
		{
			"from": [13, 6, 14],
			"to": [18, 8, 18],
			"rotation": {"angle": 0, "axis": "y", "origin": [15.5, 4, 16]},
			"color": 6,
			"faces": {
				"north": {"uv": [0, 0, 2.5, 1], "rotation": 180, "texture": "#missing"},
				"east": {"uv": [0, 0, 1, 2], "rotation": 90, "texture": "#missing"},
				"south": {"uv": [0, 0, 2.5, 1], "texture": "#missing"},
				"west": {"uv": [0, 0, 1, 2], "rotation": 270, "texture": "#missing"},
				"up": {"uv": [0, 0, 2.5, 2], "texture": "#missing"},
				"down": {"uv": [0, 0, 2.5, 2], "rotation": 180, "texture": "#missing"}
			}
		},
		{
			"from": [13, 2, 18],
			"to": [18, 6, 20],
			"rotation": {"angle": 45, "axis": "x", "origin": [15.5, 4, 16]},
			"color": 6,
			"faces": {
				"north": {"uv": [0, 0, 2.5, 2], "rotation": 180, "texture": "#missing"},
				"east": {"uv": [0, 0, 2, 1], "rotation": 270, "texture": "#missing"},
				"south": {"uv": [0, 0, 2.5, 2], "texture": "#missing"},
				"west": {"uv": [0, 0, 2, 1], "rotation": 90, "texture": "#missing"},
				"up": {"uv": [0, 0, 2.5, 1], "rotation": 180, "texture": "#missing"},
				"down": {"uv": [0, 0, 2.5, 1], "texture": "#missing"}
			}
		},
		{
			"from": [13, 2, 18],
			"to": [18, 6, 20],
			"rotation": {"angle": 0, "axis": "y", "origin": [15.5, 4, 16]},
			"color": 6,
			"faces": {
				"north": {"uv": [0, 0, 2.5, 2], "rotation": 180, "texture": "#missing"},
				"east": {"uv": [0, 0, 1, 2], "rotation": 180, "texture": "#missing"},
				"south": {"uv": [0, 0, 2.5, 2], "rotation": 180, "texture": "#missing"},
				"west": {"uv": [0, 0, 1, 2], "rotation": 180, "texture": "#missing"},
				"up": {"uv": [0, 0, 2.5, 1], "texture": "#missing"},
				"down": {"uv": [0, 0, 2.5, 1], "texture": "#missing"}
			}
		},
		{
			"from": [13, 6, 14],
			"to": [18, 8, 18],
			"rotation": {"angle": 45, "axis": "x", "origin": [15.5, 4, 16]},
			"color": 6,
			"faces": {
				"north": {"uv": [0, 0, 2.5, 1], "rotation": 180, "texture": "#missing"},
				"east": {"uv": [0, 0, 2, 1], "rotation": 180, "texture": "#missing"},
				"south": {"uv": [0, 0, 2.5, 1], "rotation": 180, "texture": "#missing"},
				"west": {"uv": [0, 0, 2, 1], "rotation": 180, "texture": "#missing"},
				"up": {"uv": [0, 0, 2.5, 2], "texture": "#missing"},
				"down": {"uv": [0, 0, 2.5, 2], "texture": "#missing"}
			}
		},
		{
			"from": [13, 0, 14],
			"to": [18, 2, 18],
			"rotation": {"angle": 0, "axis": "y", "origin": [15.5, 4, 16]},
			"color": 6,
			"faces": {
				"north": {"uv": [0, 0, 2.5, 1], "rotation": 180, "texture": "#missing"},
				"east": {"uv": [0, 0, 1, 2], "rotation": 270, "texture": "#missing"},
				"south": {"uv": [0, 0, 2.5, 1], "texture": "#missing"},
				"west": {"uv": [0, 0, 1, 2], "rotation": 90, "texture": "#missing"},
				"up": {"uv": [0, 0, 2.5, 2], "rotation": 180, "texture": "#missing"},
				"down": {"uv": [0, 0, 2.5, 2], "texture": "#missing"}
			}
		},
		{
			"from": [14, 1, 14],
			"to": [17, 6, 18],
			"rotation": {"angle": 0, "axis": "y", "origin": [15, 0, 20]},
			"color": 0,
			"faces": {
				"north": {"uv": [0, 0, 1.5, 2.5], "texture": "#missing"},
				"east": {"uv": [0, 0, 2, 2.5], "texture": "#missing"},
				"south": {"uv": [0, 0, 1.5, 2.5], "texture": "#missing"},
				"west": {"uv": [0, 0, 2, 2.5], "texture": "#missing"},
				"up": {"uv": [0, 0, 1.5, 2], "texture": "#missing"},
				"down": {"uv": [0, 0, 1.5, 2], "texture": "#missing"}
			}
		},
		{
			"from": [-2, 2, 12],
			"to": [3, 6, 14],
			"rotation": {"angle": 0, "axis": "y", "origin": [0.5, 4, 16]},
			"color": 6,
			"faces": {
				"north": {"uv": [0, 0, 2.5, 2], "texture": "#missing"},
				"east": {"uv": [0, 0, 1, 2], "texture": "#missing"},
				"south": {"uv": [0, 0, 2.5, 2], "texture": "#missing"},
				"west": {"uv": [0, 0, 1, 2], "texture": "#missing"},
				"up": {"uv": [0, 0, 2.5, 1], "texture": "#missing"},
				"down": {"uv": [0, 0, 2.5, 1], "texture": "#missing"}
			}
		},
		{
			"from": [-2, 0, 14],
			"to": [3, 2, 18],
			"rotation": {"angle": 45, "axis": "x", "origin": [0.5, 4, 16]},
			"color": 6,
			"faces": {
				"north": {"uv": [0, 0, 2.5, 1], "texture": "#missing"},
				"east": {"uv": [0, 0, 2, 1], "texture": "#missing"},
				"south": {"uv": [0, 0, 2.5, 1], "texture": "#missing"},
				"west": {"uv": [0, 0, 2, 1], "texture": "#missing"},
				"up": {"uv": [0, 0, 2.5, 2], "texture": "#missing"},
				"down": {"uv": [0, 0, 2.5, 2], "texture": "#missing"}
			}
		},
		{
			"from": [-2, 6, 14],
			"to": [3, 8, 18],
			"rotation": {"angle": -45, "axis": "x", "origin": [0.5, 4, 16]},
			"color": 6,
			"faces": {
				"north": {"uv": [0, 0, 2.5, 1], "texture": "#missing"},
				"east": {"uv": [0, 0, 2, 1], "texture": "#missing"},
				"south": {"uv": [0, 0, 2.5, 1], "texture": "#missing"},
				"west": {"uv": [0, 0, 2, 1], "texture": "#missing"},
				"up": {"uv": [0, 0, 2.5, 2], "texture": "#missing"},
				"down": {"uv": [0, 0, 2.5, 2], "texture": "#missing"}
			}
		},
		{
			"from": [-2, 6, 14],
			"to": [3, 8, 18],
			"rotation": {"angle": 0, "axis": "y", "origin": [0.5, 4, 16]},
			"color": 6,
			"faces": {
				"north": {"uv": [0, 0, 2.5, 1], "rotation": 180, "texture": "#missing"},
				"east": {"uv": [0, 0, 1, 2], "rotation": 90, "texture": "#missing"},
				"south": {"uv": [0, 0, 2.5, 1], "texture": "#missing"},
				"west": {"uv": [0, 0, 1, 2], "rotation": 270, "texture": "#missing"},
				"up": {"uv": [0, 0, 2.5, 2], "texture": "#missing"},
				"down": {"uv": [0, 0, 2.5, 2], "rotation": 180, "texture": "#missing"}
			}
		},
		{
			"from": [-2, 2, 18],
			"to": [3, 6, 20],
			"rotation": {"angle": 45, "axis": "x", "origin": [0.5, 4, 16]},
			"color": 6,
			"faces": {
				"north": {"uv": [0, 0, 2.5, 2], "rotation": 180, "texture": "#missing"},
				"east": {"uv": [0, 0, 2, 1], "rotation": 270, "texture": "#missing"},
				"south": {"uv": [0, 0, 2.5, 2], "texture": "#missing"},
				"west": {"uv": [0, 0, 2, 1], "rotation": 90, "texture": "#missing"},
				"up": {"uv": [0, 0, 2.5, 1], "rotation": 180, "texture": "#missing"},
				"down": {"uv": [0, 0, 2.5, 1], "texture": "#missing"}
			}
		},
		{
			"from": [-2, 2, 18],
			"to": [3, 6, 20],
			"rotation": {"angle": 0, "axis": "y", "origin": [0.5, 4, 16]},
			"color": 6,
			"faces": {
				"north": {"uv": [0, 0, 2.5, 2], "rotation": 180, "texture": "#missing"},
				"east": {"uv": [0, 0, 1, 2], "rotation": 180, "texture": "#missing"},
				"south": {"uv": [0, 0, 2.5, 2], "rotation": 180, "texture": "#missing"},
				"west": {"uv": [0, 0, 1, 2], "rotation": 180, "texture": "#missing"},
				"up": {"uv": [0, 0, 2.5, 1], "texture": "#missing"},
				"down": {"uv": [0, 0, 2.5, 1], "texture": "#missing"}
			}
		},
		{
			"from": [-2, 6, 14],
			"to": [3, 8, 18],
			"rotation": {"angle": 45, "axis": "x", "origin": [0.5, 4, 16]},
			"color": 6,
			"faces": {
				"north": {"uv": [0, 0, 2.5, 1], "rotation": 180, "texture": "#missing"},
				"east": {"uv": [0, 0, 2, 1], "rotation": 180, "texture": "#missing"},
				"south": {"uv": [0, 0, 2.5, 1], "rotation": 180, "texture": "#missing"},
				"west": {"uv": [0, 0, 2, 1], "rotation": 180, "texture": "#missing"},
				"up": {"uv": [0, 0, 2.5, 2], "texture": "#missing"},
				"down": {"uv": [0, 0, 2.5, 2], "texture": "#missing"}
			}
		},
		{
			"from": [-2, 0, 14],
			"to": [3, 2, 18],
			"rotation": {"angle": 0, "axis": "y", "origin": [0.5, 4, 16]},
			"color": 6,
			"faces": {
				"north": {"uv": [0, 0, 2.5, 1], "rotation": 180, "texture": "#missing"},
				"east": {"uv": [0, 0, 1, 2], "rotation": 270, "texture": "#missing"},
				"south": {"uv": [0, 0, 2.5, 1], "texture": "#missing"},
				"west": {"uv": [0, 0, 1, 2], "rotation": 90, "texture": "#missing"},
				"up": {"uv": [0, 0, 2.5, 2], "rotation": 180, "texture": "#missing"},
				"down": {"uv": [0, 0, 2.5, 2], "texture": "#missing"}
			}
		},
		{
			"from": [-1, 1, 14],
			"to": [2, 6, 18],
			"rotation": {"angle": 0, "axis": "y", "origin": [0, 0, 20]},
			"color": 0,
			"faces": {
				"north": {"uv": [0, 0, 1.5, 2.5], "texture": "#missing"},
				"east": {"uv": [0, 0, 2, 2.5], "texture": "#missing"},
				"south": {"uv": [0, 0, 1.5, 2.5], "texture": "#missing"},
				"west": {"uv": [0, 0, 2, 2.5], "texture": "#missing"},
				"up": {"uv": [0, 0, 1.5, 2], "texture": "#missing"},
				"down": {"uv": [0, 0, 1.5, 2], "texture": "#missing"}
			}
		},
		{
			"from": [0, 11, -6.25],
			"to": [4, 12, 1],
			"color": 0,
			"faces": {
				"north": {"uv": [0, 0, 2, 0.5], "texture": "#missing"},
				"east": {"uv": [0, 0, 3.625, 0.5], "texture": "#missing"},
				"south": {"uv": [0, 0, 2, 0.5], "texture": "#missing"},
				"west": {"uv": [0, 0, 3.625, 0.5], "texture": "#missing"},
				"up": {"uv": [0, 0, 2, 3.625], "texture": "#missing"},
				"down": {"uv": [0, 0, 2, 3.625], "texture": "#missing"}
			}
		},
		{
			"from": [0, 3, 3],
			"to": [16, 4, 11],
			"color": 0,
			"faces": {
				"north": {"uv": [0, 0, 8, 0.5], "texture": "#missing"},
				"east": {"uv": [0, 0, 4, 0.5], "texture": "#missing"},
				"south": {"uv": [0, 0, 8, 0.5], "texture": "#missing"},
				"west": {"uv": [0, 0, 4, 0.5], "texture": "#missing"},
				"up": {"uv": [0, 0, 8, 4], "texture": "#missing"},
				"down": {"uv": [0, 0, 8, 4], "texture": "#missing"}
			}
		},
		{
			"from": [0, 6.72135, 10.56494],
			"to": [5, 14.97135, 11.56494],
			"rotation": {"angle": 22.5, "axis": "x", "origin": [8, 6.97135, 2.31494]},
			"color": 0,
			"faces": {
				"north": {"uv": [0, 0, 2.5, 4.125], "rotation": 180, "texture": "#missing"},
				"east": {"uv": [0, 0, 4.125, 0.5], "rotation": 90, "texture": "#missing"},
				"south": {"uv": [0, 0, 2.5, 4.125], "texture": "#missing"},
				"west": {"uv": [0, 0, 4.125, 0.5], "rotation": 270, "texture": "#missing"},
				"up": {"uv": [0, 0, 2.5, 0.5], "texture": "#missing"},
				"down": {"uv": [0, 0, 2.5, 0.5], "rotation": 180, "texture": "#missing"}
			}
		},
		{
			"from": [12, 11, -6.25],
			"to": [16, 12, 1],
			"color": 0,
			"faces": {
				"north": {"uv": [0, 0, 2, 0.5], "texture": "#missing"},
				"east": {"uv": [0, 0, 3.625, 0.5], "texture": "#missing"},
				"south": {"uv": [0, 0, 2, 0.5], "texture": "#missing"},
				"west": {"uv": [0, 0, 3.625, 0.5], "texture": "#missing"},
				"up": {"uv": [0, 0, 2, 3.625], "texture": "#missing"},
				"down": {"uv": [0, 0, 2, 3.625], "texture": "#missing"}
			}
		},
		{
			"from": [0, 10.75, 13],
			"to": [16, 11.75, 20.5],
			"color": 0,
			"faces": {
				"north": {"uv": [0, 0, 8, 0.5], "texture": "#missing"},
				"east": {"uv": [0, 0, 3.75, 0.5], "texture": "#missing"},
				"south": {"uv": [0, 0, 8, 0.5], "texture": "#missing"},
				"west": {"uv": [0, 0, 3.75, 0.5], "texture": "#missing"},
				"up": {"uv": [0, 0, 8, 3.75], "texture": "#missing"},
				"down": {"uv": [0, 0, 8, 3.75], "texture": "#missing"}
			}
		},
		{
			"from": [11, 6.72135, 10.56494],
			"to": [16, 14.97135, 11.56494],
			"rotation": {"angle": 22.5, "axis": "x", "origin": [8, 6.97135, 2.31494]},
			"color": 0,
			"faces": {
				"north": {"uv": [0, 0, 2.5, 4.125], "rotation": 180, "texture": "#missing"},
				"east": {"uv": [0, 0, 4.125, 0.5], "rotation": 90, "texture": "#missing"},
				"south": {"uv": [0, 0, 2.5, 4.125], "texture": "#missing"},
				"west": {"uv": [0, 0, 4.125, 0.5], "rotation": 270, "texture": "#missing"},
				"up": {"uv": [0, 0, 2.5, 0.5], "texture": "#missing"},
				"down": {"uv": [0, 0, 2.5, 0.5], "rotation": 180, "texture": "#missing"}
			}
		},
		{
			"from": [0, 4.5, 3.5],
			"to": [16, 13.25, 4.5],
			"rotation": {"angle": -22.5, "axis": "x", "origin": [8, 3.5, 7]},
			"color": 0,
			"faces": {
				"north": {"uv": [0, 0, 8, 4.375], "rotation": 180, "texture": "#missing"},
				"east": {"uv": [0, 0, 4.375, 0.5], "rotation": 90, "texture": "#missing"},
				"south": {"uv": [0, 0, 8, 4.375], "texture": "#missing"},
				"west": {"uv": [0, 0, 4.375, 0.5], "rotation": 270, "texture": "#missing"},
				"up": {"uv": [0, 0, 8, 0.5], "texture": "#missing"},
				"down": {"uv": [0, 0, 8, 0.5], "rotation": 180, "texture": "#missing"}
			}
		},
		{
			"from": [4.5, 3, -3],
			"to": [11.5, 11, 17.75],
			"color": 0,
			"faces": {
				"north": {"uv": [0, 0, 3.5, 4], "texture": "#missing"},
				"east": {"uv": [0, 0, 10.375, 4], "texture": "#missing"},
				"south": {"uv": [0, 0, 3.5, 4], "texture": "#missing"},
				"west": {"uv": [0, 0, 10.375, 4], "texture": "#missing"},
				"up": {"uv": [0, 0, 3.5, 10.375], "texture": "#missing"},
				"down": {"uv": [0, 0, 3.5, 10.375], "texture": "#missing"}
			}
		},
		{
			"from": [4, 11.5, -6],
			"to": [12, 15.75, 3.75],
			"rotation": {"angle": -22.5, "axis": "x", "origin": [8, 14, 4.375]},
			"color": 0,
			"faces": {
				"north": {"uv": [0, 0, 4, 2.125], "texture": "#missing"},
				"east": {"uv": [0, 0, 4.875, 2.125], "texture": "#missing"},
				"south": {"uv": [0, 0, 4, 2.125], "texture": "#missing"},
				"west": {"uv": [0, 0, 4.875, 2.125], "texture": "#missing"},
				"up": {"uv": [0, 0, 4, 4.875], "texture": "#missing"},
				"down": {"uv": [0, 0, 4, 4.875], "texture": "#missing"}
			}
		},
		{
			"from": [1, 3.5, -2.5],
			"to": [16, 4.5, -1.5],
			"color": 0,
			"faces": {
				"north": {"uv": [0, 0, 7.5, 0.5], "texture": "#missing"},
				"east": {"uv": [0, 0, 0.5, 0.5], "texture": "#missing"},
				"south": {"uv": [0, 0, 7.5, 0.5], "texture": "#missing"},
				"west": {"uv": [0, 0, 0.5, 0.5], "texture": "#missing"},
				"up": {"uv": [0, 0, 7.5, 0.5], "texture": "#missing"},
				"down": {"uv": [0, 0, 7.5, 0.5], "texture": "#missing"}
			}
		},
		{
			"from": [1.25, 16.5, 3.5],
			"to": [15, 17.5, 4.5],
			"color": 0,
			"faces": {
				"north": {"uv": [0, 0, 6.875, 0.5], "texture": "#missing"},
				"east": {"uv": [0, 0, 0.5, 0.5], "texture": "#missing"},
				"south": {"uv": [0, 0, 6.875, 0.5], "texture": "#missing"},
				"west": {"uv": [0, 0, 0.5, 0.5], "texture": "#missing"},
				"up": {"uv": [0, 0, 6.875, 0.5], "texture": "#missing"},
				"down": {"uv": [0, 0, 6.875, 0.5], "texture": "#missing"}
			}
		},
		{
			"from": [1, 3.5, 15.5],
			"to": [16, 4.5, 16.5],
			"color": 0,
			"faces": {
				"north": {"uv": [0, 0, 7.5, 0.5], "texture": "#missing"},
				"east": {"uv": [0, 0, 0.5, 0.5], "texture": "#missing"},
				"south": {"uv": [0, 0, 7.5, 0.5], "texture": "#missing"},
				"west": {"uv": [0, 0, 0.5, 0.5], "texture": "#missing"},
				"up": {"uv": [0, 0, 7.5, 0.5], "texture": "#missing"},
				"down": {"uv": [0, 0, 7.5, 0.5], "texture": "#missing"}
			}
		},
		{
			"from": [6.5, 14, 2],
			"to": [9.5, 16, 4],
			"rotation": {"angle": 22.5, "axis": "x", "origin": [8, 15, 3]},
			"color": 9,
			"faces": {
				"north": {"uv": [0, 0, 1.5, 1], "texture": "#missing"},
				"east": {"uv": [0, 0, 1, 1], "texture": "#missing"},
				"south": {"uv": [0, 0, 1.5, 1], "texture": "#missing"},
				"west": {"uv": [0, 0, 1, 1], "texture": "#missing"},
				"up": {"uv": [0, 0, 1.5, 1], "texture": "#missing"},
				"down": {"uv": [0, 0, 1.5, 1], "texture": "#missing"}
			}
		},
		{
			"from": [7.25, 16, 2.25],
			"to": [8.75, 17, 3.75],
			"rotation": {"angle": 22.5, "axis": "x", "origin": [8, 15, 3]},
			"color": 9,
			"faces": {
				"north": {"uv": [0, 0, 0.75, 0.5], "texture": "#missing"},
				"east": {"uv": [0, 0, 0.75, 0.5], "texture": "#missing"},
				"south": {"uv": [0, 0, 0.75, 0.5], "texture": "#missing"},
				"west": {"uv": [0, 0, 0.75, 0.5], "texture": "#missing"},
				"up": {"uv": [0, 0, 0.75, 0.75], "texture": "#missing"},
				"down": {"uv": [0, 0, 0.75, 0.75], "texture": "#missing"}
			}
		}
	],
	"display": {
		"thirdperson_righthand": {
			"rotation": [50, 0, 0],
			"translation": [-5.5, -10.25, -3.5],
			"scale": [1.5, 1.5, 1.5]
		},
		"thirdperson_lefthand": {
			"rotation": [50, 0, 0],
			"translation": [-5.5, -10.25, -3.5],
			"scale": [1.5, 1.5, 1.5]
		},
		"firstperson_righthand": {
			"scale": [0, 0, 0]
		},
		"firstperson_lefthand": {
			"scale": [0, 0, 0]
		},
		"ground": {
			"translation": [0, 8, 3.75],
			"scale": [1.5, 1.5, 1.5]
		},
		"gui": {
			"scale": [0, 0, 0]
		},
		"head": {
			"rotation": [0, 180, 0],
			"translation": [0, -1, 0],
			"scale": [1.5, 1.55, 1.5]
		},
		"fixed": {
			"rotation": [0, -90, 0],
			"translation": [-1.75, 0, 0],
			"scale": [0.73, 0.73, 0.73]
		}
	},
	"groups": [
		{
			"name": "FRwheel",
			"origin": [0.5, 4, -4],
			"color": 0,
			"children": [0, 1, 2, 3, 4, 5, 6, 7, 8]
		},
		{
			"name": "FLwheel",
			"origin": [0.5, 4, -4],
			"color": 0,
			"children": [9, 10, 11, 12, 13, 14, 15, 16, 17]
		},
		{
			"name": "BRwheel",
			"origin": [0.5, 4, -4],
			"color": 0,
			"children": [18, 19, 20, 21, 22, 23, 24, 25, 26]
		},
		{
			"name": "BLwheel",
			"origin": [0.5, 4, -4],
			"color": 0,
			"children": [27, 28, 29, 30, 31, 32, 33, 34, 35]
		},
		{
			"name": "Body",
			"origin": [0, 0, 0],
			"color": 0,
			"children": [
				{
					"name": "group",
					"origin": [8, 6.97135, 2.31494],
					"color": 0,
					"children": [36, 37, 38]
				},
				{
					"name": "group",
					"origin": [8, 6.97135, 2.31494],
					"color": 0,
					"children": [39, 40, 41]
				},
				42,
				43,
				44
			]
		},
		45,
		46,
		47,
		48,
		49
	]
}