{
  "multipart": [
    {
	  "when": {
		  "OR": [
		    {"north": "true"},
			{"south": "true"},
		    {"east": "true"},
		    {"west": "true"}
		  ]
      },
      "apply": {
        "model": "minecraft:block/green_stained_glass_pane_post"
      }
    },
    {
      "when": {
        "north": "true"
      },
      "apply": {
        "model": "minecraft:block/green_stained_glass_pane_side"
      }
    },
    {
      "when": {
        "east": "true"
      },
      "apply": {
        "model": "minecraft:block/green_stained_glass_pane_side",
        "y": 90
      }
    },
    {
      "when": {
        "south": "true"
      },
      "apply": {
        "model": "minecraft:block/green_stained_glass_pane_side_alt"
      }
    },
    {
      "when": {
        "west": "true"
      },
      "apply": {
        "model": "minecraft:block/green_stained_glass_pane_side_alt",
        "y": 90
      }
    },
    {
      "when": {
          "OR": [
			{"north": "false", "south": "true", "east": "true", "west": "true"},
			{"north": "false", "south": "false", "east": "true", "west": "true"},
			{"north": "false", "south": "false", "east": "false", "west": "true"},
			{"north": "false", "south": "false", "east": "true", "west": "false"},
			{"north": "false", "south": "true", "east": "false", "west": "false"},
			{"north": "false", "south": "true", "east": "true", "west": "false"},
			{"north": "false", "south": "true", "east": "false", "west": "true"}
		  ]
      },
      "apply": {
        "model": "minecraft:block/green_stained_glass_pane_noside"
      }
    },
    {
      "when": {
          "OR": [
		    {"east": "false", "south": "true", "west": "true", "north": "true"},
			{"east": "false", "south": "false", "west": "true", "north": "true"},
			{"east": "false", "south": "false", "west": "false", "north": "true"},
			{"east": "false", "south": "false", "west": "true", "north": "false"},
			{"east": "false", "south": "true", "west": "false", "north": "false"},
			{"east": "false", "south": "true", "west": "true", "north": "false"},
			{"east": "false", "south": "true", "west": "false", "north": "true"}
		  ]
      },
      "apply": {
        "model": "minecraft:block/green_stained_glass_pane_noside_alt"
      }
    },
    {
      "when": {
          "OR": [
			{"south": "false", "north": "true", "east": "true", "west": "true"},
			{"south": "false", "north": "false", "east": "true", "west": "true"},
			{"south": "false", "north": "false", "east": "false", "west": "true"},
			{"south": "false", "north": "false", "east": "true", "west": "false"},
			{"south": "false", "north": "true", "east": "false", "west": "false"},
			{"south": "false", "north": "true", "east": "true", "west": "false"},
			{"south": "false", "north": "true", "east": "false", "west": "true"}
		  ]
      },
      "apply": {
        "model": "minecraft:block/green_stained_glass_pane_noside_alt",
        "y": 90
      }
    },
    {
      "when": {
          "OR": [
			{"west": "false", "south": "true", "east": "true", "north": "true"},
			{"west": "false", "south": "false", "east": "true", "north": "true"},
			{"west": "false", "south": "false", "east": "false", "north": "true"},
			{"west": "false", "south": "false", "east": "true", "north": "false"},
			{"west": "false", "south": "true", "east": "false", "north": "false"},
			{"west": "false", "south": "true", "east": "true", "north": "false"},
			{"west": "false", "south": "true", "east": "false", "north": "true"}
		  ]
      },
      "apply": {
        "model": "minecraft:block/green_stained_glass_pane_noside",
        "y": 270
      }
    },
	{
	  "when": {
        "north": "false",
		"south": "false",
		"east": "false",
		"west": "false"
      },
      "apply": {
        "model": "minecraft:block/green_glass_bottle"
      }
    }
  ]
}