{
    "parent": "item/guns/sniper/sniper",
    "textures": {
        "layer0": "item/guns/sniper/sniper_reload_0"
    },
    "display": {
        "thirdperson_righthand": {
            "rotation": [ -90, -90, -50 ],
            "translation": [ 0, 0.1, -3 ],
            "scale": [ 1.5, 1.5, 1.2 ]
        },
        "thirdperson_lefthand": {
            "rotation": [ -90, 90, 50 ],
            "translation": [ 0, 0.1, -3 ],
            "scale": [ 1.5, 1.5, 1.2 ]
        },
        "firstperson_righthand": {
            "rotation": [ -90, -90, -50 ],
            "translation": [ 3.13, 2.6, 1.13],
            "scale": [ 1.5, 1.5, 1.2 ]
        }
	}
}