{
    "parent": "item/generated",
    "textures": {
        "layer0": "item/items/armor/parachute/parachute_colors",
        "layer1": "item/items/armor/parachute/parachute_colors_overlay"
    },
	"display": {
		"thirdperson_righthand": {
            "rotation": [ 90, 45, 0 ],
            "translation": [ -5.9, -2, 65 ],
            "scale": [ 3.1, 3.1, 0 ]
        },
        "thirdperson_lefthand": {
            "rotation": [ 90, 45, 0 ],
            "translation": [ -5.9, -2, 65 ],
            "scale": [ 3.1, 3.1, 0 ]
        },
		"head": {
			"rotation": [ 0, 90, 0 ],
			"translation": [0, 20, 0],
			"scale": [12, 12, 0]
		}
	}
}
