{
	"credit": "Made with Blockbench",
	"texture_size": [32, 32],
	"elements": [
		{
			"from": [6, 0, -6],
			"to": [9, 8, 2],
			"rotation": {"angle": 0, "axis": "y", "origin": [0, 0.25, 3]},
			"color": 4,
			"faces": {
				"north": {"uv": [0, 0, 1.5, 4], "texture": "#missing"},
				"east": {"uv": [0, 0, 4, 4], "texture": "#missing"},
				"south": {"uv": [0, 0, 1.5, 4], "texture": "#missing"},
				"west": {"uv": [0, 0, 4, 4], "texture": "#missing"},
				"up": {"uv": [0, 0, 1.5, 4], "texture": "#missing"},
				"down": {"uv": [0, 0, 1.5, 4], "texture": "#missing"}
			}
		},
		{
			"from": [5.25, 2.25, 4],
			"to": [9.75, 5.25, 12],
			"rotation": {"angle": 0, "axis": "y", "origin": [0, 0.25, -1]},
			"color": 4,
			"faces": {
				"north": {"uv": [0, 0, 2.25, 1.5], "texture": "#missing"},
				"east": {"uv": [0, 0, 4, 1.5], "texture": "#missing"},
				"south": {"uv": [0, 0, 2.25, 1.5], "texture": "#missing"},
				"west": {"uv": [0, 0, 4, 1.5], "texture": "#missing"},
				"up": {"uv": [0, 0, 2.25, 4], "texture": "#missing"},
				"down": {"uv": [0, 0, 2.25, 4], "texture": "#missing"}
			}
		},
		{
			"from": [5, 5.25, 3],
			"to": [10, 8.25, 13],
			"rotation": {"angle": 0, "axis": "y", "origin": [0, 0.25, -1]},
			"color": 4,
			"faces": {
				"north": {"uv": [0, 0, 2.5, 1.5], "texture": "#missing"},
				"east": {"uv": [0, 0, 5, 1.5], "texture": "#missing"},
				"south": {"uv": [0, 0, 2.5, 1.5], "texture": "#missing"},
				"west": {"uv": [0, 0, 5, 1.5], "texture": "#missing"},
				"up": {"uv": [0, 0, 2.5, 5], "texture": "#missing"},
				"down": {"uv": [0, 0, 2.5, 5], "texture": "#missing"}
			}
		},
		{
			"from": [4.5, 8.25, 5],
			"to": [10.5, 10.25, 13],
			"rotation": {"angle": 0, "axis": "y", "origin": [0, 0.25, -3]},
			"color": 4,
			"faces": {
				"north": {"uv": [0, 0, 3, 1], "texture": "#missing"},
				"east": {"uv": [0, 0, 4, 1], "texture": "#missing"},
				"south": {"uv": [0, 0, 3, 1], "texture": "#missing"},
				"west": {"uv": [0, 0, 4, 1], "texture": "#missing"},
				"up": {"uv": [0, 0, 3, 4], "texture": "#missing"},
				"down": {"uv": [0, 0, 3, 4], "texture": "#missing"}
			}
		},
		{
			"from": [3.12132, 10.25, 6.37868],
			"to": [4.12132, 13.75, 10.87868],
			"rotation": {"angle": -45, "axis": "y", "origin": [9.62132, 12.75, 7.37868]},
			"color": 4,
			"faces": {
				"north": {"uv": [0, 0, 1.75, 0.5], "rotation": 90, "texture": "#missing"},
				"east": {"uv": [0, 0, 1.75, 2.25], "rotation": 270, "texture": "#missing"},
				"south": {"uv": [0, 0, 1.75, 0.5], "rotation": 270, "texture": "#missing"},
				"west": {"uv": [0, 0, 1.75, 2.25], "rotation": 270, "texture": "#missing"},
				"up": {"uv": [0, 0, 2.25, 0.5], "rotation": 270, "texture": "#missing"},
				"down": {"uv": [0, 0, 2.25, 0.5], "rotation": 270, "texture": "#missing"}
			}
		},
		{
			"from": [10.56586, 10.25, 3.4415],
			"to": [15.06586, 13.75, 4.4415],
			"rotation": {"angle": -45, "axis": "y", "origin": [11.56586, 12.5, 1.1915]},
			"color": 4,
			"faces": {
				"north": {"uv": [0, 0, 1.75, 2.25], "rotation": 270, "texture": "#missing"},
				"east": {"uv": [0, 0, 1.75, 0.5], "rotation": 90, "texture": "#missing"},
				"south": {"uv": [0, 0, 1.75, 2.25], "rotation": 270, "texture": "#missing"},
				"west": {"uv": [0, 0, 1.75, 0.5], "rotation": 270, "texture": "#missing"},
				"up": {"uv": [0, 0, 2.25, 0.5], "texture": "#missing"},
				"down": {"uv": [0, 0, 2.25, 0.5], "rotation": 180, "texture": "#missing"}
			}
		},
		{
			"from": [5, 8.25, -5],
			"to": [10, 9.25, 23],
			"rotation": {"angle": 0, "axis": "y", "origin": [0, 0.25, 1]},
			"color": 4,
			"faces": {
				"north": {"uv": [0, 0, 2.5, 0.5], "texture": "#missing"},
				"east": {"uv": [0, 0, 14, 0.5], "texture": "#missing"},
				"south": {"uv": [0, 0, 2.5, 0.5], "texture": "#missing"},
				"west": {"uv": [0, 0, 14, 0.5], "texture": "#missing"},
				"up": {"uv": [0, 0, 2.5, 14], "texture": "#missing"},
				"down": {"uv": [0, 0, 2.5, 14], "texture": "#missing"}
			}
		},
		{
			"from": [5.25, 3.5, 11.75],
			"to": [9.75, 5, 18.5],
			"rotation": {"angle": 45, "axis": "x", "origin": [7.5, 4.25, 18]},
			"color": 4,
			"faces": {
				"north": {"uv": [0, 0, 2.25, 0.75], "texture": "#missing"},
				"east": {"uv": [0, 0, 3.375, 0.75], "texture": "#missing"},
				"south": {"uv": [0, 0, 2.25, 0.75], "texture": "#missing"},
				"west": {"uv": [0, 0, 3.375, 0.75], "texture": "#missing"},
				"up": {"uv": [0, 0, 2.25, 3.375], "texture": "#missing"},
				"down": {"uv": [0, 0, 2.25, 3.375], "texture": "#missing"}
			}
		},
		{
			"from": [5.5, 3.75, 9],
			"to": [9.5, 4.75, 18],
			"rotation": {"angle": 0, "axis": "x", "origin": [7.5, 4.25, 18]},
			"color": 4,
			"faces": {
				"north": {"uv": [0, 0, 2, 0.5], "texture": "#missing"},
				"east": {"uv": [0, 0, 4.5, 0.5], "texture": "#missing"},
				"south": {"uv": [0, 0, 2, 0.5], "texture": "#missing"},
				"west": {"uv": [0, 0, 4.5, 0.5], "texture": "#missing"},
				"up": {"uv": [0, 0, 2, 4.5], "texture": "#missing"},
				"down": {"uv": [0, 0, 2, 4.5], "texture": "#missing"}
			}
		},
		{
			"from": [8.75, 3.25, -2.5],
			"to": [9.75, 16.5, -1.5],
			"rotation": {"angle": 22.5, "axis": "x", "origin": [7.5, 4.25, -2]},
			"color": 4,
			"faces": {
				"north": {"uv": [0, 0, 0.5, 6.625], "rotation": 180, "texture": "#missing"},
				"east": {"uv": [0, 0, 6.625, 0.5], "rotation": 90, "texture": "#missing"},
				"south": {"uv": [0, 0, 0.5, 6.625], "texture": "#missing"},
				"west": {"uv": [0, 0, 6.625, 0.5], "rotation": 270, "texture": "#missing"},
				"up": {"uv": [0, 0, 0.5, 0.5], "texture": "#missing"},
				"down": {"uv": [0, 0, 0.5, 0.5], "rotation": 180, "texture": "#missing"}
			}
		},
		{
			"from": [5.25, 3.25, -2.5],
			"to": [6.25, 16.5, -1.5],
			"rotation": {"angle": 22.5, "axis": "x", "origin": [7.5, 4.25, -2]},
			"color": 4,
			"faces": {
				"north": {"uv": [0, 0, 0.5, 6.625], "rotation": 180, "texture": "#missing"},
				"east": {"uv": [0, 0, 6.625, 0.5], "rotation": 90, "texture": "#missing"},
				"south": {"uv": [0, 0, 0.5, 6.625], "texture": "#missing"},
				"west": {"uv": [0, 0, 6.625, 0.5], "rotation": 270, "texture": "#missing"},
				"up": {"uv": [0, 0, 0.5, 0.5], "texture": "#missing"},
				"down": {"uv": [0, 0, 0.5, 0.5], "rotation": 180, "texture": "#missing"}
			}
		},
		{
			"from": [3, 15.07274, 4.67531],
			"to": [12, 16.07274, 5.67531],
			"rotation": {"angle": 22.5, "axis": "x", "origin": [5.75, 21.57274, 5.17531]},
			"color": 4,
			"faces": {
				"north": {"uv": [0, 0, 0.5, 4.5], "rotation": 90, "texture": "#missing"},
				"east": {"uv": [0, 0, 0.5, 0.5], "rotation": 90, "texture": "#missing"},
				"south": {"uv": [0, 0, 0.5, 4.5], "rotation": 90, "texture": "#missing"},
				"west": {"uv": [0, 0, 0.5, 0.5], "rotation": 270, "texture": "#missing"},
				"up": {"uv": [0, 0, 4.5, 0.5], "texture": "#missing"},
				"down": {"uv": [0, 0, 4.5, 0.5], "rotation": 180, "texture": "#missing"}
			}
		},
		{
			"from": [6, 10.48395, -0.15152],
			"to": [9, 13.48395, 2.84848],
			"rotation": {"angle": 0, "axis": "x", "origin": [7.5, 12.33395, 1.34848]},
			"color": 4,
			"faces": {
				"north": {"uv": [0, 0, 1.5, 1.5], "rotation": 90, "texture": "#missing"},
				"east": {"uv": [0, 0, 1.5, 1.5], "rotation": 90, "texture": "#missing"},
				"south": {"uv": [0, 0, 1.5, 1.5], "rotation": 90, "texture": "#missing"},
				"west": {"uv": [0, 0, 1.5, 1.5], "rotation": 270, "texture": "#missing"},
				"up": {"uv": [0, 0, 1.5, 1.5], "texture": "#missing"},
				"down": {"uv": [0, 0, 1.5, 1.5], "rotation": 180, "texture": "#missing"}
			}
		},
		{
			"from": [6, 0, 14],
			"to": [9, 8, 22],
			"rotation": {"angle": 0, "axis": "y", "origin": [0, 0.25, -3]},
			"color": 4,
			"faces": {
				"north": {"uv": [0, 0, 1.5, 4], "texture": "#missing"},
				"east": {"uv": [0, 0, 4, 4], "texture": "#missing"},
				"south": {"uv": [0, 0, 1.5, 4], "texture": "#missing"},
				"west": {"uv": [0, 0, 4, 4], "texture": "#missing"},
				"up": {"uv": [0, 0, 1.5, 4], "texture": "#missing"},
				"down": {"uv": [0, 0, 1.5, 4], "texture": "#missing"}
			}
		}
	],
	"display": {
		"thirdperson_righthand": {
			"rotation": [50, 0, 0],
			"translation": [-5.5, -10.25, -3.5],
			"scale": [1.5, 1.5, 1.5]
		},
		"thirdperson_lefthand": {
			"rotation": [50, 0, 0],
			"translation": [-5.5, -10.25, -3.5],
			"scale": [1.5, 1.5, 1.5]
		},
		"firstperson_righthand": {
			"scale": [0, 0, 0]
		},
		"firstperson_lefthand": {
			"scale": [0, 0, 0]
		},
		"ground": {
			"translation": [0, 8, 3.75],
			"scale": [1.5, 1.5, 1.5]
		},
		"gui": {
			"scale": [0, 0, 0]
		},
		"head": {
			"rotation": [0, 180, 0],
			"translation": [-0.75, 0, 0],
			"scale": [1.6, 1.72, 1.6]
		},
		"fixed": {
			"rotation": [0, -90, 0],
			"translation": [-1.75, 0, 0],
			"scale": [0.73, 0.73, 0.73]
		}
	}
}