{
    "parent": "item/generated",
    "textures": {
        "layer0": "item/crossbow_standby"
    },
    "display": {
        "thirdperson_righthand": {
            "rotation": [ -90, 0, -60 ],
            "translation": [ 2, 0.1, -3 ],
            "scale": [ 0.9, 0.9, 0.9 ]
        },
        "thirdperson_lefthand": {
            "rotation": [ -90, 0, 30 ],
            "translation": [ 2, 0.1, -3 ],
            "scale": [ 0.9, 0.9, 0.9 ]
        },
        "firstperson_righthand": {
            "rotation": [ -90, 0, -55 ],
            "translation": [ 1.13, 3.2, 1.13],
            "scale": [ 0.68, 0.68, 0.68 ]
        },
        "firstperson_lefthand": {
            "rotation": [ -90, 0, 35 ],
            "translation": [ 1.13, 3.2, 1.13],
            "scale": [ 0.68, 0.68, 0.68 ]
        }
    },
    "overrides": [
        {
            "predicate": {
                "pulling": 1
            },
            "model": "item/crossbow_pulling_0"
        },
        {
            "predicate": {
                "pulling": 1,
                "pull": 0.58
            },
            "model": "item/crossbow_pulling_1"
        },
        {
            "predicate": {
                "pulling": 1,
                "pull": 1.0
            },
            "model": "item/crossbow_pulling_2"
        },
        {
            "predicate": {
                "charged": 1
            },
            "model": "item/crossbow_arrow"
        },
        {
            "predicate": {
                "charged": 1,
                "firework": 1
            },
            "model": "item/crossbow_firework"
        },
		
		
			
			
			
			
			
			
		
		
		{
            "predicate": {
				"charged": 0,
                "custom_model_data": 101
            },
            "model": "item/guns/pistol/pistol"
        },
		{
            "predicate": {
                "pulling": 1,
				"pull": 0.5,
				"custom_model_data": 101
            },
            "model": "item/guns/pistol/pistol_reload_0"
        },
        {
            "predicate": {
                "pulling": 1,
                "pull": 0.75,
				"custom_model_data": 101
            },
            "model": "item/guns/pistol/pistol_reload_1"
        },
        {
            "predicate": {
                "pulling": 1,
                "pull": 1.0,
				"custom_model_data": 101
            },
            "model": "item/guns/pistol/pistol_reload_2"
        },
		{
            "predicate": {
				"charged": 1,
                "custom_model_data": 101
            },
            "model": "item/guns/pistol/pistol_charged"
        },

		
		
		
		
		
		
		{
            "predicate": {
				"charged": 0,
                "custom_model_data": 102
            },
            "model": "item/guns/ak/ak"
        },
		{
            "predicate": {
                "pulling": 1,
				"custom_model_data": 102
            },
            "model": "item/guns/ak/ak_reload_0"
        },
		{
            "predicate": {
                "pulling": 1,
				"pull": 1.2,
				"custom_model_data": 102
            },
            "model": "item/guns/ak/ak_reload_1"
        },
		{
            "predicate": {
				"charged": 1,
                "custom_model_data": 102
            },
            "model": "item/guns/ak/ak_charged"
        },
		
		
	
		
		
		{
            "predicate": {
				"charged": 0,
                "custom_model_data": 103
            },
            "model": "item/guns/shotgun/shotgun"
        },
		{
            "predicate": {
                "pulling": 1,
				"custom_model_data": 103
            },
            "model": "item/guns/shotgun/shotgun_reload_3"
        },
		{
            "predicate": {
                "pulling": 1,
				"pull": 0.5,
				"custom_model_data": 103
            },
            "model": "item/guns/shotgun/shotgun_reload_0"
        },
        {
            "predicate": {
                "pulling": 1,
                "pull": 0.75,
				"custom_model_data": 103
            },
            "model": "item/guns/shotgun/shotgun_reload_1"
        },
        {
            "predicate": {
                "pulling": 1,
                "pull": 1.0,
				"custom_model_data": 103
            },
            "model": "item/guns/shotgun/shotgun_reload_2"
        },
		{
            "predicate": {
				"charged": 1,
                "custom_model_data": 103
            },
            "model": "item/guns/shotgun/shotgun_charged"
        },
		
		
		
		
		{
			"predicate": {
				"charged": 0,
				"custom_model_data": 104
			},
			"model": "item/guns/sniper/sniper"
        },
		{
            "predicate": {
                "pulling": 1,
				"pull": 0.3,
				"custom_model_data": 104
            },
            "model": "item/guns/sniper/sniper_reload_0"
        },
		{
            "predicate": {
				"charged": 1,
                "custom_model_data": 104
            },
            "model": "item/guns/sniper/sniper_charged"
        },
		
		
		
		
		
		
		
		{
            "predicate": {
				"charged": 0,
                "custom_model_data": 105
            },
            "model": "item/guns/rifle/rifle"
        },
		{
            "predicate": {
                "pulling": 1,
				"custom_model_data": 105
            },
            "model": "item/guns/rifle/rifle_reload_0"
        },
		{
            "predicate": {
                "pulling": 1,
				"pull": 1.2,
				"custom_model_data": 105
            },
            "model": "item/guns/rifle/rifle_reload_1"
        },
		{
            "predicate": {
				"charged": 1,
                "custom_model_data": 105
            },
            "model": "item/guns/rifle/rifle_charged"
        },
		
		
		
		
		
		
		{
            "predicate": {
				"charged": 0,
                "custom_model_data": 106
            },
            "model": "item/guns/m13/m13"
        },
		{
            "predicate": {
                "pulling": 1,
				"custom_model_data": 106
            },
            "model": "item/guns/m13/m13_reload_0"
        },
		{
            "predicate": {
                "pulling": 1,
				"pull": 1.2,
				"custom_model_data": 106
            },
            "model": "item/guns/m13/m13_reload_1"
        },
		{
            "predicate": {
				"charged": 1,
                "custom_model_data": 106
            },
            "model": "item/guns/m13/m13_charged"
        },
		
		
		
		
		
		{
            "predicate": {
				"charged": 0,
                "custom_model_data": 107
            },
            "model": "item/guns/rpg/rpg"
        },
		{
            "predicate": {
                "pulling": 1,
				"custom_model_data": 107
            },
            "model": "item/guns/rpg/rpg_reload_0"
        },
		{
            "predicate": {
                "pulling": 1,
				"pull": 0.5,
				"custom_model_data": 107
            },
            "model": "item/guns/rpg/rpg_reload_1"
        },
		{
            "predicate": {
				"charged": 1,
                "custom_model_data": 107
            },
            "model": "item/guns/rpg/rpg_charged"
        },
		
		
		
		
		
		{
            "predicate": {
				"charged": 0,
                "custom_model_data": 1101
            },
            "model": "item/guns/pistol/pistol_aim"
        },
		{
            "predicate": {
				"charged": 1,
                "custom_model_data": 1101
            },
            "model": "item/guns/pistol/pistol_aim_2"
        },
		
		{
            "predicate": {
				"charged": 0,
                "custom_model_data": 1102
            },
            "model": "item/guns/ak/ak_aim"
        },
		{
            "predicate": {
				"charged": 1,
                "custom_model_data": 1102
            },
            "model": "item/guns/ak/ak_aim_2"
        },
		
		{
            "predicate": {
				"charged": 0,
                "custom_model_data": 1103
            },
            "model": "item/guns/shotgun/shotgun_aim"
        },
		{
            "predicate": {
				"charged": 1,
                "custom_model_data": 1103
            },
            "model": "item/guns/shotgun/shotgun_aim_2"
        },
		
		{
            "predicate": {
				"charged": 0,
                "custom_model_data": 1104
            },
            "model": "item/guns/sniper/sniper_aim"
        },
		{
            "predicate": {
				"charged": 1,
                "custom_model_data": 1104
            },
            "model": "item/guns/sniper/sniper_aim_2"
        },

		{
            "predicate": {
				"charged": 0,
                "custom_model_data": 1105
            },
            "model": "item/guns/rifle/rifle_aim"
        },
		{
            "predicate": {
				"charged": 1,
                "custom_model_data": 1105
            },
            "model": "item/guns/rifle/rifle_aim_2"
        },
		
		{
            "predicate": {
				"charged": 0,
                "custom_model_data": 1106
            },
            "model": "item/guns/m13/m13_aim"
        },
		{
            "predicate": {
				"charged": 1,
                "custom_model_data": 1106
            },
            "model": "item/guns/m13/m13_aim_2"
        },
		
		{
            "predicate": {
				"charged": 0,
                "custom_model_data": 1107
            },
            "model": "item/guns/rpg/rpg_aim"
        },
		{
            "predicate": {
				"charged": 1,
                "custom_model_data": 1107
            },
            "model": "item/guns/rpg/rpg_aim_2"
        },
		
		
		
		
		
		
		
		
		{
            "predicate": {
				"charged": 0,
                "custom_model_data": 2101
            },
            "model": "item/guns/pistol/pistol_cooldown"
        },
		{
            "predicate": {
				"charged": 1,
                "custom_model_data": 2101
            },
            "model": "item/guns/pistol/pistol_cooldown_2"
        },
		
		{
            "predicate": {
				"charged": 0,
                "custom_model_data": 2102
            },
            "model": "item/guns/ak/ak_cooldown"
        },
		{
            "predicate": {
				"charged": 1,
                "custom_model_data": 2102
            },
            "model": "item/guns/ak/ak_cooldown_2"
        },
		
		{
            "predicate": {
				"charged": 0,
                "custom_model_data": 2103
            },
            "model": "item/guns/shotgun/shotgun_cooldown"
        },
		{
            "predicate": {
				"charged": 1,
                "custom_model_data": 2103
            },
            "model": "item/guns/shotgun/shotgun_cooldown_2"
        },
		
		{
            "predicate": {
				"charged": 0,
                "custom_model_data": 2104
            },
            "model": "item/guns/sniper/sniper_cooldown"
        },
		{
            "predicate": {
				"charged": 1,
                "custom_model_data": 2104
            },
            "model": "item/guns/sniper/sniper_cooldown_2"
        },

		{
            "predicate": {
				"charged": 0,
                "custom_model_data": 2105
            },
            "model": "item/guns/rifle/rifle_cooldown"
        },
		{
            "predicate": {
				"charged": 1,
                "custom_model_data": 2105
            },
            "model": "item/guns/rifle/rifle_cooldown_2"
        },
		
		{
            "predicate": {
				"charged": 0,
                "custom_model_data": 2106
            },
            "model": "item/guns/m13/m13_cooldown"
        },
		{
            "predicate": {
				"charged": 1,
                "custom_model_data": 2106
            },
            "model": "item/guns/m13/m13_cooldown_2"
        },
		
		{
            "predicate": {
				"charged": 0,
                "custom_model_data": 2107
            },
            "model": "item/guns/rpg/rpg_cooldown"
        },
		{
            "predicate": {
				"charged": 1,
                "custom_model_data": 2107
            },
            "model": "item/guns/rpg/rpg_cooldown_2"
        }
		
		
		
    ]
}
