{
    "parent": "item/generated",
    "textures": {
        "layer0": "item/leather_leggings",
        "layer1": "item/leather_leggings_overlay"
    },
  "overrides": [
  	  {
		  "model": "minecraft:item/leather_leggings_quartz_trim",
		  "predicate": {
			"trim_type": 0.1
		  }
		},
		{
		  "model": "minecraft:item/leather_leggings_iron_trim",
		  "predicate": {
			"trim_type": 0.2
		  }
		},
		{
		  "model": "minecraft:item/leather_leggings_netherite_trim",
		  "predicate": {
			"trim_type": 0.3
		  }
		},
		{
		  "model": "minecraft:item/leather_leggings_redstone_trim",
		  "predicate": {
			"trim_type": 0.4
		  }
		},
		{
		  "model": "minecraft:item/leather_leggings_copper_trim",
		  "predicate": {
			"trim_type": 0.5
		  }
		},
		{
		  "model": "minecraft:item/leather_leggings_gold_trim",
		  "predicate": {
			"trim_type": 0.6
		  }
		},
		{
		  "model": "minecraft:item/leather_leggings_emerald_trim",
		  "predicate": {
			"trim_type": 0.7
		  }
		},
		{
		  "model": "minecraft:item/leather_leggings_diamond_trim",
		  "predicate": {
			"trim_type": 0.8
		  }
		},
		{
		  "model": "minecraft:item/leather_leggings_lapis_trim",
		  "predicate": {
			"trim_type": 0.9
		  }
		},
		{
		  "model": "minecraft:item/leather_leggings_amethyst_trim",
		  "predicate": {
			"trim_type": 1.0
		  }
		},
		
		
		
		
		
		
  
  
		{
            "predicate": {
                "custom_model_data": 200
            },
            "model": "item/items/armor/camo_gear_item"
        },
		{
            "predicate": {
                "custom_model_data": 201
            },
            "model": "item/items/armor/combat_uniform_item"
        }
    ]
}
