{
	"credit": "Made with Blockbench",
	"textures": {
		"0": "item/vehicles/plane/plane_1",
		"1": "item/vehicles/plane/plane_2",
		"particle": "item/vehicles/plane/plane_1"
	},
	"elements": [
		{
			"from": [4, 8, -12],
			"to": [12, 16, 6],
			"rotation": {"angle": 0, "axis": "y", "origin": [8, 16, 13]},
			"faces": {
				"north": {"uv": [0, 5, 4, 9], "texture": "#1"},
				"east": {"uv": [0, 9, 4, 0], "rotation": 90, "texture": "#1"},
				"south": {"uv": [0, 9, 4, 13], "texture": "#1"},
				"west": {"uv": [0, 0, 4, 9], "rotation": 90, "texture": "#1"},
				"up": {"uv": [4, 0, 8, 9], "texture": "#1"},
				"down": {"uv": [7, 9.5, 16, 13.5], "rotation": 90, "texture": "#1"}
			}
		},
		{
			"from": [5, 9, 6],
			"to": [11, 15, 19],
			"rotation": {"angle": 0, "axis": "y", "origin": [8, 16, 32]},
			"faces": {
				"north": {"uv": [8, 6.5, 11, 9.5], "texture": "#1"},
				"east": {"uv": [8, 6.5, 11, 0], "rotation": 90, "texture": "#1"},
				"south": {"uv": [8, 6.5, 11, 9.5], "texture": "#1"},
				"west": {"uv": [8, 0, 11, 6.5], "rotation": 90, "texture": "#1"},
				"up": {"uv": [13, 0, 16, 6.5], "texture": "#1"},
				"down": {"uv": [13, 0, 16, 6.5], "texture": "#1"}
			}
		},
		{
			"from": [6, 10, 19],
			"to": [10, 14, 32],
			"rotation": {"angle": 0, "axis": "y", "origin": [8, 16, 40]},
			"faces": {
				"north": {"uv": [11, 6.5, 13, 8.5], "texture": "#1"},
				"east": {"uv": [11, 0, 13, 6.5], "rotation": 90, "texture": "#1"},
				"south": {"uv": [11, 6.5, 13, 8.5], "texture": "#1"},
				"west": {"uv": [11, 0, 13, 6.5], "rotation": 90, "texture": "#1"},
				"up": {"uv": [11, 0, 13, 6.5], "texture": "#1"},
				"down": {"uv": [11, 0, 13, 6.5], "texture": "#1"}
			}
		},
		{
			"from": [7.5, 14, 26],
			"to": [8.5, 19, 32],
			"rotation": {"angle": 0, "axis": "y", "origin": [8, 21, 40]},
			"faces": {
				"north": {"uv": [8.5, 0, 9, 2.5], "texture": "#0"},
				"east": {"uv": [5.5, 0, 8.5, 2.5], "texture": "#0"},
				"south": {"uv": [8.5, 0, 9, 2.5], "texture": "#0"},
				"west": {"uv": [5.5, 0, 8.5, 2.5], "texture": "#0"},
				"up": {"uv": [5.5, 2.5, 8.5, 3], "rotation": 90, "texture": "#0"},
				"down": {"uv": [5.5, 2.5, 8.5, 3], "rotation": 90, "texture": "#0"}
			}
		},
		{
			"from": [1, 11.5, 24],
			"to": [6, 12.5, 30],
			"rotation": {"angle": 0, "axis": "y", "origin": [-1, 12, 38]},
			"faces": {
				"north": {"uv": [8.5, 0, 9, 2.5], "rotation": 90, "texture": "#0"},
				"east": {"uv": [5.5, 2.5, 8.5, 3], "texture": "#0"},
				"south": {"uv": [8.5, 0, 9, 2.5], "rotation": 270, "texture": "#0"},
				"west": {"uv": [5.5, 2.5, 8.5, 3], "texture": "#0"},
				"up": {"uv": [5.5, 0, 8.5, 2.5], "rotation": 270, "texture": "#0"},
				"down": {"uv": [5.5, 0, 8.5, 2.5], "rotation": 270, "texture": "#0"}
			}
		},
		{
			"from": [10, 11.5, 24],
			"to": [15, 12.5, 30],
			"rotation": {"angle": 0, "axis": "y", "origin": [17, 12, 38]},
			"faces": {
				"north": {"uv": [8.5, 2.5, 9, 0], "rotation": 90, "texture": "#0"},
				"east": {"uv": [8.5, 2.5, 5.5, 3], "texture": "#0"},
				"south": {"uv": [8.5, 2.5, 9, 0], "rotation": 270, "texture": "#0"},
				"west": {"uv": [8.5, 2.5, 5.5, 3], "texture": "#0"},
				"up": {"uv": [5.5, 2.5, 8.5, 0], "rotation": 270, "texture": "#0"},
				"down": {"uv": [5.5, 2.5, 8.5, 0], "rotation": 270, "texture": "#0"}
			}
		},
		{
			"from": [5, 9, -15],
			"to": [11, 15, -12],
			"rotation": {"angle": 0, "axis": "y", "origin": [8, 16, 5]},
			"faces": {
				"north": {"uv": [4, 9, 7, 12], "rotation": 90, "texture": "#1"},
				"east": {"uv": [4, 12, 7, 13.5], "rotation": 90, "texture": "#1"},
				"south": {"uv": [4, 9, 7, 12], "rotation": 90, "texture": "#1"},
				"west": {"uv": [4, 13.5, 7, 12], "rotation": 90, "texture": "#1"},
				"up": {"uv": [4, 12, 7, 13.5], "texture": "#1"},
				"down": {"uv": [4, 13.5, 7, 12], "texture": "#1"}
			}
		},
		{
			"from": [5, 16, -9],
			"to": [11, 17, -9],
			"rotation": {"angle": 0, "axis": "y", "origin": [8, 17.5, -9]},
			"faces": {
				"north": {"uv": [4, 13.5, 7, 14], "texture": "#1"},
				"east": {"uv": [4, 13.5, 7, 15], "texture": "#1"},
				"south": {"uv": [7, 13.5, 4, 14], "texture": "#1"},
				"west": {"uv": [4, 13.5, 7, 15], "texture": "#1"},
				"up": {"uv": [4, 13.5, 7, 15], "texture": "#1"},
				"down": {"uv": [4, 13.5, 7, 15], "texture": "#1"}
			}
		},
		{
			"from": [-3.5, 11, -15.25],
			"to": [19.5, 13, -15.25],
			"rotation": {"angle": 22.5, "axis": "z", "origin": [8, 12, -15.75]},
			"faces": {
				"north": {"uv": [0, 10.5, 11.5, 11.5], "rotation": 180, "texture": "#0"},
				"east": {"uv": [11.5, 10.5, 12, 11.5], "rotation": 180, "texture": "#0"},
				"south": {"uv": [0, 10.5, 11.5, 11.5], "rotation": 180, "texture": "#0"},
				"west": {"uv": [11.5, 10.5, 12, 11.5], "rotation": 180, "texture": "#0"},
				"up": {"uv": [0, 11.5, 11.5, 12], "rotation": 180, "texture": "#0"},
				"down": {"uv": [0, 11.5, 11.5, 12], "rotation": 180, "texture": "#0"}
			}
		},
		{
			"from": [4.5, 4.8, -7],
			"to": [5.6, 11.8, -6],
			"rotation": {"angle": 0, "axis": "y", "origin": [5.5, 4, -6.5]},
			"faces": {
				"north": {"uv": [0, 12, 3.5, 12.5], "rotation": 270, "texture": "#0"},
				"east": {"uv": [0, 12, 3.5, 12.5], "rotation": 270, "texture": "#0"},
				"south": {"uv": [0, 12, 3.5, 12.5], "rotation": 270, "texture": "#0"},
				"west": {"uv": [0, 12, 3.5, 12.5], "rotation": 270, "texture": "#0"},
				"up": {"uv": [3, 12, 3.5, 12.5], "rotation": 270, "texture": "#0"},
				"down": {"uv": [0, 12, 0, 12.5], "rotation": 270, "texture": "#0"}
			}
		},
		{
			"from": [10.4, 4.8, -7],
			"to": [11.5, 11.8, -6],
			"rotation": {"angle": 0, "axis": "y", "origin": [10.5, 4, -6.5]},
			"faces": {
				"north": {"uv": [0, 12.5, 3.5, 12], "rotation": 270, "texture": "#0"},
				"east": {"uv": [0, 12.5, 3.5, 12], "rotation": 270, "texture": "#0"},
				"south": {"uv": [0, 12.5, 3.5, 12], "rotation": 270, "texture": "#0"},
				"west": {"uv": [0, 12.5, 3.5, 12], "rotation": 270, "texture": "#0"},
				"up": {"uv": [3, 12.5, 3.5, 12], "rotation": 270, "texture": "#0"},
				"down": {"uv": [0, 12.5, 0, 12], "rotation": 270, "texture": "#0"}
			}
		},
		{
			"from": [3.5, 3, -8.5],
			"to": [4.5, 7, -4.5],
			"rotation": {"angle": 0, "axis": "y", "origin": [4.5, 1.5, -6]},
			"faces": {
				"north": {"uv": [7.5, 5, 5.5, 5.5], "rotation": 270, "texture": "#0"},
				"east": {"uv": [7.5, 3, 5.5, 5], "rotation": 270, "texture": "#0"},
				"south": {"uv": [7.5, 5, 5.5, 5.5], "rotation": 270, "texture": "#0"},
				"west": {"uv": [7.5, 3, 5.5, 5], "rotation": 270, "texture": "#0"},
				"up": {"uv": [7.5, 5, 5.5, 5.5], "rotation": 270, "texture": "#0"},
				"down": {"uv": [7.5, 5, 5.5, 5.5], "rotation": 270, "texture": "#0"}
			}
		},
		{
			"from": [11.5, 3, -8.5],
			"to": [12.5, 7, -4.5],
			"rotation": {"angle": 0, "axis": "y", "origin": [11.5, 1.5, -6]},
			"faces": {
				"north": {"uv": [7.5, 5.5, 5.5, 5], "rotation": 270, "texture": "#0"},
				"east": {"uv": [7.5, 5, 5.5, 3], "rotation": 270, "texture": "#0"},
				"south": {"uv": [7.5, 5.5, 5.5, 5], "rotation": 270, "texture": "#0"},
				"west": {"uv": [7.5, 5, 5.5, 3], "rotation": 270, "texture": "#0"},
				"up": {"uv": [7.5, 5.5, 5.5, 5], "rotation": 270, "texture": "#0"},
				"down": {"uv": [7.5, 5.5, 5.5, 5], "rotation": 270, "texture": "#0"}
			}
		},
		{
			"from": [4.5, 6.5, -6.7],
			"to": [5.5, 7.5, 2.3],
			"rotation": {"angle": -22.5, "axis": "x", "origin": [5.5, 6, -2.5]},
			"faces": {
				"north": {"uv": [4.5, 12, 0, 12.5], "rotation": 270, "texture": "#0"},
				"east": {"uv": [0, 12, 4.5, 12.5], "rotation": 180, "texture": "#0"},
				"south": {"uv": [4.5, 12, 0, 12.5], "rotation": 270, "texture": "#0"},
				"west": {"uv": [4.5, 12, 0, 12.5], "rotation": 180, "texture": "#0"},
				"up": {"uv": [4.5, 12, 0, 12.5], "rotation": 270, "texture": "#0"},
				"down": {"uv": [0, 12, 4.5, 12.5], "rotation": 270, "texture": "#0"}
			}
		},
		{
			"from": [10.5, 6.5, -6.7],
			"to": [11.5, 7.5, 2.3],
			"rotation": {"angle": -22.5, "axis": "x", "origin": [10.5, 6, -2.5]},
			"faces": {
				"north": {"uv": [4.5, 12.5, 0, 12], "rotation": 270, "texture": "#0"},
				"east": {"uv": [0, 12, 4.5, 12.5], "rotation": 180, "texture": "#0"},
				"south": {"uv": [4.5, 12.5, 0, 12], "rotation": 270, "texture": "#0"},
				"west": {"uv": [4.5, 12, 0, 12.5], "rotation": 180, "texture": "#0"},
				"up": {"uv": [4.5, 12.5, 0, 12], "rotation": 270, "texture": "#0"},
				"down": {"uv": [0, 12.5, 4.5, 12], "rotation": 270, "texture": "#0"}
			}
		},
		{
			"from": [11, 14, -8],
			"to": [22, 15, -7],
			"rotation": {"angle": 22.5, "axis": "z", "origin": [19.5, 15, -7.5]},
			"faces": {
				"north": {"uv": [5.5, 12, 0, 12.5], "rotation": 180, "texture": "#0"},
				"east": {"uv": [5.5, 12, 6, 12.5], "rotation": 180, "texture": "#0"},
				"south": {"uv": [0, 12, 5.5, 12.5], "rotation": 180, "texture": "#0"},
				"west": {"uv": [5.5, 12, 6, 12.5], "rotation": 180, "texture": "#0"},
				"up": {"uv": [0, 12, 5.5, 12.5], "rotation": 180, "texture": "#0"},
				"down": {"uv": [0, 12, 5.5, 12.5], "rotation": 180, "texture": "#0"}
			}
		},
		{
			"from": [-6, 14, -8],
			"to": [5, 15, -7],
			"rotation": {"angle": -22.5, "axis": "z", "origin": [-3.5, 15, -7.5]},
			"faces": {
				"north": {"uv": [0, 12, 5.5, 12.5], "rotation": 180, "texture": "#0"},
				"east": {"uv": [6, 12, 5.5, 12.5], "rotation": 180, "texture": "#0"},
				"south": {"uv": [5.5, 12, 0, 12.5], "rotation": 180, "texture": "#0"},
				"west": {"uv": [6, 12, 5.5, 12.5], "rotation": 180, "texture": "#0"},
				"up": {"uv": [5.5, 12, 0, 12.5], "rotation": 180, "texture": "#0"},
				"down": {"uv": [5.5, 12, 0, 12.5], "rotation": 180, "texture": "#0"}
			}
		},
		{
			"from": [11, 14, -1],
			"to": [22, 15, 0],
			"rotation": {"angle": 22.5, "axis": "z", "origin": [19.5, 15, -0.5]},
			"faces": {
				"north": {"uv": [5.5, 12, 0, 12.5], "rotation": 180, "texture": "#0"},
				"east": {"uv": [5.5, 12, 6, 12.5], "rotation": 180, "texture": "#0"},
				"south": {"uv": [0, 12, 5.5, 12.5], "rotation": 180, "texture": "#0"},
				"west": {"uv": [5.5, 12, 6, 12.5], "rotation": 180, "texture": "#0"},
				"up": {"uv": [0, 12, 5.5, 12.5], "rotation": 180, "texture": "#0"},
				"down": {"uv": [0, 12, 5.5, 12.5], "rotation": 180, "texture": "#0"}
			}
		},
		{
			"from": [-6, 14, -1],
			"to": [5, 15, 0],
			"rotation": {"angle": -22.5, "axis": "z", "origin": [-3.5, 15, -0.5]},
			"faces": {
				"north": {"uv": [0, 12, 5.5, 12.5], "rotation": 180, "texture": "#0"},
				"east": {"uv": [6, 12, 5.5, 12.5], "rotation": 180, "texture": "#0"},
				"south": {"uv": [5.5, 12, 0, 12.5], "rotation": 180, "texture": "#0"},
				"west": {"uv": [6, 12, 5.5, 12.5], "rotation": 180, "texture": "#0"},
				"up": {"uv": [5.5, 12, 0, 12.5], "rotation": 180, "texture": "#0"},
				"down": {"uv": [5.5, 12, 0, 12.5], "rotation": 180, "texture": "#0"}
			}
		},
		{
			"from": [12, 15, -9],
			"to": [32, 16, 1],
			"rotation": {"angle": 0, "axis": "y", "origin": [8, 23, -4]},
			"faces": {
				"north": {"uv": [5, 0, 5.5, 10], "rotation": 90, "texture": "#0"},
				"east": {"uv": [0, 10, 5, 10.5], "rotation": 90, "texture": "#0"},
				"south": {"uv": [5, 0, 5.5, 10], "rotation": 90, "texture": "#0"},
				"west": {"uv": [0, 10, 5, 10.5], "rotation": 90, "texture": "#0"},
				"up": {"uv": [0, 10, 5, 0], "rotation": 90, "texture": "#0"},
				"down": {"uv": [0, 10, 5, 0], "rotation": 90, "texture": "#0"}
			}
		},
		{
			"from": [-16, 15, -9],
			"to": [4, 16, 1],
			"rotation": {"angle": 0, "axis": "y", "origin": [8, 23, -4]},
			"faces": {
				"north": {"uv": [5, 10, 5.5, 0], "rotation": 90, "texture": "#0"},
				"east": {"uv": [0, 10.5, 5, 10], "rotation": 90, "texture": "#0"},
				"south": {"uv": [5, 10, 5.5, 0], "rotation": 90, "texture": "#0"},
				"west": {"uv": [0, 10.5, 5, 10], "rotation": 90, "texture": "#0"},
				"up": {"uv": [0, 0, 5, 10], "rotation": 90, "texture": "#0"},
				"down": {"uv": [0, 0, 5, 10], "rotation": 90, "texture": "#0"}
			}
		}
	],
	"display": {
		"head": {
			"rotation": [0, 180, 0],
			"translation": [0, -7.75, -29.75],
			"scale": [2.2, 2.2, 2.2]
		}
	},
	"groups": [
		{
			"name": "Layer",
			"origin": [9.9, 9.9, 23],
			"color": 0,
			"children": []
		},
		0,
		1,
		2,
		3,
		4,
		5,
		6,
		7,
		8,
		9,
		10,
		11,
		12,
		13,
		14,
		15,
		16,
		17,
		18,
		19,
		20
	]
}