{
	"credit": "Made with Blockbench",
	"texture_size": [64, 64],
	"textures": {
		"2": "item/tank/tank_3",
		"particle": "item/tank/tank_1"
	},
	"elements": [
		{
			"from": [-2, 16, 2],
			"to": [18, 23, 22],
			"rotation": {"angle": 0, "axis": "y", "origin": [8, 19, 8]},
			"faces": {
				"north": {"uv": [0, 0, 5, 1.75], "texture": "#2"},
				"east": {"uv": [0, 1.75, 5, 3.5], "texture": "#2"},
				"south": {"uv": [0, 3.5, 5, 5.25], "texture": "#2"},
				"west": {"uv": [0, 1.75, 5, 3.5], "texture": "#2"},
				"up": {"uv": [0, 5.25, 5, 10.25], "texture": "#2"},
				"down": {"uv": [0, 5.25, 5, 10.25], "texture": "#2"}
			}
		},
		{
			"from": [-1, 23, 3],
			"to": [17, 24, 21],
			"rotation": {"angle": 0, "axis": "y", "origin": [8, 26, 8]},
			"faces": {
				"north": {"uv": [0.25, 10, 4.75, 10.25], "texture": "#2"},
				"east": {"uv": [0.25, 10, 4.75, 10.25], "texture": "#2"},
				"south": {"uv": [0.25, 10, 4.75, 10.25], "texture": "#2"},
				"west": {"uv": [0.25, 10, 4.75, 10.25], "texture": "#2"},
				"up": {"uv": [0.25, 5.5, 4.75, 10], "texture": "#2"},
				"down": {"uv": [0.25, 10, 4.75, 10.25], "texture": "#2"}
			}
		}
	],
	"display": {
		"head": {
			"translation": [0, -20.75, -12.5],
			"scale": [2.5, 2.5, 2.5]
		}
	}
}