{
	"credit": "Made with Blockbench",
	"textures": {
		"0": "item/items/sonar_1",
		"particle": "item/items/sonar_1"
	},
	"elements": [
		{
			"from": [-1, 16, -1],
			"to": [17, 18, 17],
			"rotation": {"angle": 0, "axis": "y", "origin": [8, 9, 8]},
			"faces": {
				"north": {"uv": [9, 0, 10, 9], "rotation": 270, "texture": "#0"},
				"east": {"uv": [9, 0, 10, 9], "rotation": 270, "texture": "#0"},
				"south": {"uv": [9, 0, 10, 9], "rotation": 270, "texture": "#0"},
				"west": {"uv": [9, 0, 10, 9], "rotation": 270, "texture": "#0"},
				"up": {"uv": [0, 0, 9, 9], "texture": "#0"},
				"down": {"uv": [0, 0, 8, 8], "texture": "#0"}
			}
		},
		{
			"from": [-1, 0, -1],
			"to": [17, 2, 17],
			"rotation": {"angle": 0, "axis": "y", "origin": [8, 9, 8]},
			"faces": {
				"north": {"uv": [0, 9, 9, 10], "texture": "#0"},
				"east": {"uv": [0, 9, 9, 10], "texture": "#0"},
				"south": {"uv": [0, 9, 9, 10], "texture": "#0"},
				"west": {"uv": [0, 9, 9, 10], "texture": "#0"},
				"up": {"uv": [0, 0, 8, 8], "texture": "#0"},
				"down": {"uv": [0, 0, 8, 8], "texture": "#0"}
			}
		},
		{
			"from": [2, 18, 2],
			"to": [14, 19, 14],
			"rotation": {"angle": 0, "axis": "y", "origin": [8, 10, 8]},
			"faces": {
				"north": {"uv": [2, 9, 7, 9.5], "texture": "#0"},
				"east": {"uv": [2, 9, 7, 9.5], "texture": "#0"},
				"south": {"uv": [2, 9, 7, 9.5], "texture": "#0"},
				"west": {"uv": [2, 9, 7, 9.5], "texture": "#0"},
				"up": {"uv": [2, 2, 7, 7], "texture": "#0"},
				"down": {"uv": [2, 9, 7, 9.5], "texture": "#0"}
			}
		},
		{
			"from": [3, 8, 16],
			"to": [13, 14, 17],
			"rotation": {"angle": 0, "axis": "x", "origin": [8, 11, 16.5]},
			"faces": {
				"north": {"uv": [0, 13, 5, 16], "rotation": 180, "texture": "#0"},
				"east": {"uv": [5, 13, 5.5, 16], "rotation": 180, "texture": "#0"},
				"south": {"uv": [0, 13, 5, 16], "rotation": 180, "texture": "#0"},
				"west": {"uv": [5, 13, 5.5, 16], "rotation": 180, "texture": "#0"},
				"up": {"uv": [0, 12.5, 5, 13], "rotation": 180, "texture": "#0"},
				"down": {"uv": [0, 12.5, 5, 13], "rotation": 180, "texture": "#0"}
			}
		},
		{
			"from": [2.5, 30, 1],
			"to": [16.5, 32, 15],
			"rotation": {"angle": -45, "axis": "z", "origin": [9.5, 31.5, 8]},
			"faces": {
				"north": {"uv": [15, 2, 16, 9], "rotation": 270, "texture": "#0"},
				"east": {"uv": [15, 2, 16, 9], "rotation": 270, "texture": "#0"},
				"south": {"uv": [15, 2, 16, 9], "rotation": 270, "texture": "#0"},
				"west": {"uv": [15, 2, 16, 9], "rotation": 270, "texture": "#0"},
				"up": {"uv": [9, 9, 16, 16], "rotation": 270, "texture": "#0"},
				"down": {"uv": [9, 9, 16, 16], "rotation": 270, "texture": "#0"}
			}
		},
		{
			"from": [15, 2, 15],
			"to": [17, 16, 17],
			"rotation": {"angle": 0, "axis": "y", "origin": [24, -6, 14]},
			"faces": {
				"north": {"uv": [0, 10, 7, 11], "rotation": 270, "texture": "#0"},
				"east": {"uv": [0, 10, 7, 11], "rotation": 270, "texture": "#0"},
				"south": {"uv": [0, 10, 7, 11], "rotation": 270, "texture": "#0"},
				"west": {"uv": [0, 10, 7, 11], "rotation": 270, "texture": "#0"},
				"up": {"uv": [0, 10, 7, 11], "rotation": 270, "texture": "#0"},
				"down": {"uv": [0, 10, 7, 11], "rotation": 270, "texture": "#0"}
			}
		},
		{
			"from": [15, 2, -1],
			"to": [17, 16, 1],
			"rotation": {"angle": 0, "axis": "y", "origin": [24, -6, 14]},
			"faces": {
				"north": {"uv": [0, 10, 7, 11], "rotation": 270, "texture": "#0"},
				"east": {"uv": [0, 10, 7, 11], "rotation": 270, "texture": "#0"},
				"south": {"uv": [0, 10, 7, 11], "rotation": 270, "texture": "#0"},
				"west": {"uv": [0, 10, 7, 11], "rotation": 270, "texture": "#0"},
				"up": {"uv": [0, 10, 7, 11], "rotation": 270, "texture": "#0"},
				"down": {"uv": [0, 10, 7, 11], "rotation": 270, "texture": "#0"}
			}
		},
		{
			"from": [-1, 2, 15],
			"to": [1, 16, 17],
			"rotation": {"angle": 0, "axis": "y", "origin": [24, -6, 14]},
			"faces": {
				"north": {"uv": [0, 10, 7, 11], "rotation": 270, "texture": "#0"},
				"east": {"uv": [0, 10, 7, 11], "rotation": 270, "texture": "#0"},
				"south": {"uv": [0, 10, 7, 11], "rotation": 270, "texture": "#0"},
				"west": {"uv": [0, 10, 7, 11], "rotation": 270, "texture": "#0"},
				"up": {"uv": [0, 10, 7, 11], "rotation": 270, "texture": "#0"},
				"down": {"uv": [0, 10, 7, 11], "rotation": 270, "texture": "#0"}
			}
		},
		{
			"from": [-1, 2, -1],
			"to": [1, 16, 1],
			"rotation": {"angle": 0, "axis": "y", "origin": [24, -6, 14]},
			"faces": {
				"north": {"uv": [0, 10, 7, 11], "rotation": 270, "texture": "#0"},
				"east": {"uv": [0, 10, 7, 11], "rotation": 270, "texture": "#0"},
				"south": {"uv": [0, 10, 7, 11], "rotation": 270, "texture": "#0"},
				"west": {"uv": [0, 10, 7, 11], "rotation": 270, "texture": "#0"},
				"up": {"uv": [0, 10, 7, 11], "rotation": 270, "texture": "#0"},
				"down": {"uv": [0, 10, 7, 11], "rotation": 270, "texture": "#0"}
			}
		},
		{
			"from": [5, 19, 5],
			"to": [11, 21, 11],
			"rotation": {"angle": 0, "axis": "y", "origin": [13, 11, 14]},
			"faces": {
				"north": {"uv": [10, 8, 13, 9], "rotation": 180, "texture": "#0"},
				"east": {"uv": [10, 8, 13, 9], "rotation": 180, "texture": "#0"},
				"south": {"uv": [10, 8, 13, 9], "rotation": 180, "texture": "#0"},
				"west": {"uv": [10, 8, 13, 9], "rotation": 180, "texture": "#0"},
				"up": {"uv": [3, 3, 6, 6], "rotation": 180, "texture": "#0"},
				"down": {"uv": [10, 7, 13, 9], "rotation": 180, "texture": "#0"}
			}
		},
		{
			"from": [6, 21, 6],
			"to": [10, 31, 10],
			"rotation": {"angle": 0, "axis": "y", "origin": [13, 11, 14]},
			"faces": {
				"north": {"uv": [13, 4, 15, 9], "rotation": 180, "texture": "#0"},
				"east": {"uv": [13, 4, 15, 9], "rotation": 180, "texture": "#0"},
				"south": {"uv": [13, 4, 15, 9], "rotation": 180, "texture": "#0"},
				"west": {"uv": [13, 4, 15, 9], "rotation": 180, "texture": "#0"},
				"up": {"uv": [3.5, 3.5, 5.5, 5.5], "rotation": 180, "texture": "#0"},
				"down": {"uv": [13, 5, 15, 9], "rotation": 180, "texture": "#0"}
			}
		},
		{
			"from": [12.5, 29.5, 7],
			"to": [23.5, 31.5, 9],
			"rotation": {"angle": 45, "axis": "z", "origin": [9.5, 28, 8]},
			"faces": {
				"north": {"uv": [8, 10.5, 9, 16], "rotation": 90, "texture": "#0"},
				"east": {"uv": [8, 15, 9, 16], "rotation": 90, "texture": "#0"},
				"south": {"uv": [8, 10.5, 9, 16], "rotation": 90, "texture": "#0"},
				"west": {"uv": [8, 10.5, 9, 16], "rotation": 90, "texture": "#0"},
				"up": {"uv": [8, 10.5, 9, 16], "rotation": 90, "texture": "#0"},
				"down": {"uv": [8, 10.5, 9, 16], "rotation": 90, "texture": "#0"}
			}
		}
	],
	"display": {
		"head": {
			"translation": [0, -30.4, 0],
			"scale": [1.6, 1.6, 1.6]
		}
	}
}