{
	"credit": "Made with Blockbench",
	"textures": {
		"0": "entity/steve",
		"particle": "entity/steve"
	},
	"elements": [
		{
			"from": [0, 0, 0],
			"to": [16, 17, 16],
			"faces": {
				"north": {"uv": [2, 2, 4, 4], "texture": "#0"},
				"east": {"uv": [0, 2, 2, 4], "texture": "#0"},
				"south": {"uv": [6, 2, 8, 4], "texture": "#0"},
				"west": {"uv": [4, 2, 6, 4], "texture": "#0"},
				"up": {"uv": [2, 0, 4, 2], "texture": "#0"},
				"down": {"uv": [4, 0, 6, 2], "texture": "#0"}
			}
		}
	],
	"display": {
		"head": {
			"translation": [0, -0.33, 0],
			"scale": [0.8, 0.76, 0.8]
		}
	}
}