{
	"credit": "Made with Blockbench",
	"textures": {
		"0": "item/vehicles/turret/turret_2",
		"1": "item/vehicles/turret/turret_1",
		"particle": "item/vehicles/turret/turret_2"
	},
	"elements": [
		{
			"from": [5, 5, 11],
			"to": [11, 13, 15],
			"rotation": {"angle": 0, "axis": "y", "origin": [8, 9, 13]},
			"faces": {
				"north": {"uv": [13, 2, 16, 6], "texture": "#1"},
				"east": {"uv": [6.5, 0, 8.5, 4], "texture": "#1"},
				"south": {"uv": [3.5, 0, 6.5, 4], "texture": "#1"},
				"west": {"uv": [6.5, 0, 8.5, 4], "texture": "#1"},
				"up": {"uv": [3.5, 4, 6.5, 6], "texture": "#1"},
				"down": {"uv": [3.5, 4, 6.5, 6], "texture": "#1"}
			}
		},
		{
			"from": [6, 0, 14],
			"to": [10, 4, 18],
			"rotation": {"angle": 0, "axis": "y", "origin": [8, 0, 16]},
			"faces": {
				"north": {"uv": [14, 0, 16, 2], "texture": "#1"},
				"east": {"uv": [14, 0, 16, 2], "texture": "#1"},
				"south": {"uv": [14, 0, 16, 2], "texture": "#1"},
				"west": {"uv": [14, 0, 16, 2], "texture": "#1"},
				"up": {"uv": [14, 0, 16, 2], "texture": "#1"},
				"down": {"uv": [14, 0, 16, 2], "texture": "#1"}
			}
		},
		{
			"from": [5, 7, 5],
			"to": [11, 13, 6],
			"rotation": {"angle": 0, "axis": "y", "origin": [8, 9, 5]},
			"faces": {
				"north": {"uv": [0.5, 0, 3.5, 3], "rotation": 90, "texture": "#1"},
				"east": {"uv": [0.5, 3, 3.5, 3.5], "rotation": 90, "texture": "#1"},
				"south": {"uv": [0.5, 3, 3.5, 0], "rotation": 90, "texture": "#1"},
				"west": {"uv": [0.5, 3, 3.5, 3.5], "rotation": 90, "texture": "#1"},
				"up": {"uv": [0.5, 3, 3.5, 3.5], "texture": "#1"},
				"down": {"uv": [0.5, 3, 3.5, 3.5], "rotation": 180, "texture": "#1"}
			}
		},
		{
			"from": [5, 7, -1],
			"to": [11, 13, 0],
			"rotation": {"angle": 0, "axis": "y", "origin": [8, 9, -1]},
			"faces": {
				"north": {"uv": [0.5, 0, 3.5, 3], "rotation": 90, "texture": "#1"},
				"east": {"uv": [0.5, 3, 3.5, 3.5], "rotation": 90, "texture": "#1"},
				"south": {"uv": [0.5, 3, 3.5, 0], "rotation": 90, "texture": "#1"},
				"west": {"uv": [0.5, 3, 3.5, 3.5], "rotation": 90, "texture": "#1"},
				"up": {"uv": [0.5, 3, 3.5, 3.5], "texture": "#1"},
				"down": {"uv": [0.5, 3, 3.5, 3.5], "rotation": 180, "texture": "#1"}
			}
		},
		{
			"from": [5, 7, -7],
			"to": [11, 13, -6],
			"rotation": {"angle": 0, "axis": "y", "origin": [8, 9, -7]},
			"faces": {
				"north": {"uv": [0.5, 0, 3.5, 3], "rotation": 90, "texture": "#1"},
				"east": {"uv": [0.5, 3, 3.5, 3.5], "rotation": 90, "texture": "#1"},
				"south": {"uv": [0.5, 3, 3.5, 0], "rotation": 90, "texture": "#1"},
				"west": {"uv": [0.5, 3, 3.5, 3.5], "rotation": 90, "texture": "#1"},
				"up": {"uv": [0.5, 3, 3.5, 3.5], "texture": "#1"},
				"down": {"uv": [0.5, 3, 3.5, 3.5], "rotation": 180, "texture": "#1"}
			}
		},
		{
			"from": [9, 11, -15],
			"to": [10, 12, 11],
			"rotation": {"angle": 0, "axis": "y", "origin": [11, 13, 9]},
			"faces": {
				"north": {"uv": [0, 13.5, 0.5, 14], "rotation": 180, "texture": "#1"},
				"east": {"uv": [0, 0, 0.5, 13.5], "rotation": 270, "texture": "#1"},
				"south": {"uv": [0, 0, 0.5, 11], "texture": "#1"},
				"west": {"uv": [0, 0, 0.5, 13.5], "rotation": 90, "texture": "#1"},
				"up": {"uv": [0, 13.5, 0.5, 0], "texture": "#1"},
				"down": {"uv": [0, 0, 0.5, 13.5], "texture": "#1"}
			}
		},
		{
			"from": [9, 8, -15],
			"to": [10, 9, 11],
			"rotation": {"angle": 0, "axis": "y", "origin": [11, 10, 9]},
			"faces": {
				"north": {"uv": [0, 13.5, 0.5, 14], "rotation": 180, "texture": "#1"},
				"east": {"uv": [0, 0, 0.5, 13.5], "rotation": 270, "texture": "#1"},
				"south": {"uv": [0, 0, 0.5, 11], "texture": "#1"},
				"west": {"uv": [0, 0, 0.5, 13.5], "rotation": 90, "texture": "#1"},
				"up": {"uv": [0, 13.5, 0.5, 0], "texture": "#1"},
				"down": {"uv": [0, 0, 0.5, 13.5], "texture": "#1"}
			}
		},
		{
			"from": [6, 11, -15],
			"to": [7, 12, 11],
			"rotation": {"angle": 0, "axis": "y", "origin": [8, 13, 9]},
			"faces": {
				"north": {"uv": [0, 13.5, 0.5, 14], "rotation": 180, "texture": "#1"},
				"east": {"uv": [0, 0, 0.5, 13.5], "rotation": 270, "texture": "#1"},
				"south": {"uv": [0, 0, 0.5, 11], "texture": "#1"},
				"west": {"uv": [0, 0, 0.5, 13.5], "rotation": 90, "texture": "#1"},
				"up": {"uv": [0, 13.5, 0.5, 0], "texture": "#1"},
				"down": {"uv": [0, 0, 0.5, 13.5], "texture": "#1"}
			}
		},
		{
			"from": [6, 8, -15],
			"to": [7, 9, 11],
			"rotation": {"angle": 0, "axis": "y", "origin": [8, 10, 9]},
			"faces": {
				"north": {"uv": [0, 13.5, 0.5, 14], "rotation": 180, "texture": "#1"},
				"east": {"uv": [0, 0, 0.5, 13.5], "rotation": 270, "texture": "#1"},
				"south": {"uv": [0, 0, 0.5, 11], "texture": "#1"},
				"west": {"uv": [0, 0, 0.5, 13.5], "rotation": 90, "texture": "#1"},
				"up": {"uv": [0, 13.5, 0.5, 0], "texture": "#1"},
				"down": {"uv": [0, 0, 0.5, 13.5], "texture": "#1"}
			}
		},
		{
			"from": [4, 12, 15],
			"to": [5, 16, 16],
			"rotation": {"angle": 0, "axis": "y", "origin": [5, 8, 17]},
			"faces": {
				"north": {"uv": [8.5, 5.5, 10.5, 6], "rotation": 90, "texture": "#1"},
				"east": {"uv": [8.5, 5.5, 10.5, 6], "rotation": 90, "texture": "#1"},
				"south": {"uv": [8.5, 5.5, 10.5, 6], "rotation": 90, "texture": "#1"},
				"west": {"uv": [8.5, 5.5, 10.5, 6], "rotation": 90, "texture": "#1"},
				"up": {"uv": [10.5, 5.5, 11, 6], "rotation": 90, "texture": "#1"},
				"down": {"uv": [10.5, 5.5, 11, 6], "rotation": 90, "texture": "#1"}
			}
		},
		{
			"from": [11, 12, 15],
			"to": [12, 16, 16],
			"rotation": {"angle": 0, "axis": "y", "origin": [12, 8, 17]},
			"faces": {
				"north": {"uv": [8.5, 5.5, 10.5, 6], "rotation": 90, "texture": "#1"},
				"east": {"uv": [8.5, 5.5, 10.5, 6], "rotation": 90, "texture": "#1"},
				"south": {"uv": [8.5, 5.5, 10.5, 6], "rotation": 90, "texture": "#1"},
				"west": {"uv": [8.5, 5.5, 10.5, 6], "rotation": 90, "texture": "#1"},
				"up": {"uv": [10.5, 5.5, 11, 6], "rotation": 90, "texture": "#1"},
				"down": {"uv": [10.5, 5.5, 11, 6], "rotation": 90, "texture": "#1"}
			}
		},
		{
			"from": [6, 4, 12],
			"to": [10, 6, 25],
			"rotation": {"angle": 0, "axis": "y", "origin": [8, 1, 20]},
			"faces": {
				"north": {"uv": [7, 6, 9, 7], "rotation": 180, "texture": "#1"},
				"east": {"uv": [0.5, 6, 7, 7], "rotation": 180, "texture": "#1"},
				"south": {"uv": [7, 6, 9, 7], "rotation": 180, "texture": "#1"},
				"west": {"uv": [0.5, 6, 7, 7], "rotation": 180, "texture": "#1"},
				"up": {"uv": [0.5, 9.5, 7, 11.5], "rotation": 90, "texture": "#1"},
				"down": {"uv": [0.5, 7.5, 7, 9.5], "rotation": 90, "texture": "#1"}
			}
		},
		{
			"from": [4, 11, 15],
			"to": [12, 12, 16],
			"rotation": {"angle": 0, "axis": "y", "origin": [-1, 15, 17]},
			"faces": {
				"north": {"uv": [8.5, 5, 12.5, 5.5], "rotation": 180, "texture": "#1"},
				"east": {"uv": [12.5, 5, 13, 5.5], "rotation": 180, "texture": "#1"},
				"south": {"uv": [8.5, 5, 12.5, 5.5], "rotation": 180, "texture": "#1"},
				"west": {"uv": [12.5, 5, 13, 5.5], "rotation": 180, "texture": "#1"},
				"up": {"uv": [8.5, 5, 12.5, 5.5], "rotation": 180, "texture": "#1"},
				"down": {"uv": [8.5, 5, 12.5, 5.5], "rotation": 180, "texture": "#1"}
			}
		},
		{
			"from": [4, 6, 20],
			"to": [12, 8, 28],
			"rotation": {"angle": 0, "axis": "y", "origin": [8, 7, 26]},
			"faces": {
				"north": {"uv": [8.5, 4, 12.5, 5], "texture": "#1"},
				"east": {"uv": [8.5, 4, 12.5, 5], "texture": "#1"},
				"south": {"uv": [8.5, 4, 12.5, 5], "texture": "#1"},
				"west": {"uv": [8.5, 4, 12.5, 5], "texture": "#1"},
				"up": {"uv": [8.5, 0, 12.5, 4], "texture": "#1"},
				"down": {"uv": [8.5, 0, 12.5, 4], "texture": "#1"}
			}
		},
		{
			"from": [5, 5, 21],
			"to": [11, 6, 27],
			"rotation": {"angle": 0, "axis": "y", "origin": [8, 6, 26]},
			"faces": {
				"north": {"uv": [9, 0, 12, 0.5], "texture": "#1"},
				"east": {"uv": [12, 0.5, 12.5, 3.5], "rotation": 90, "texture": "#1"},
				"south": {"uv": [9, 3.5, 12, 4], "texture": "#1"},
				"west": {"uv": [8.5, 0.5, 9, 3.5], "rotation": 90, "texture": "#1"},
				"up": {"uv": [0, 0, 2, 2], "rotation": 90, "texture": "#missing"},
				"down": {"uv": [9, 0.5, 12, 3.5], "rotation": 90, "texture": "#1"}
			}
		},
		{
			"from": [3.825, 12.55, 14.825],
			"to": [5.2, 15.425, 16.2],
			"rotation": {"angle": 0, "axis": "y", "origin": [9.95, 13.05, 22.95]},
			"faces": {
				"north": {"uv": [0, 5, 2, 6], "rotation": 90, "texture": "#0"},
				"east": {"uv": [0, 5, 2, 6], "rotation": 90, "texture": "#0"},
				"south": {"uv": [0, 5, 2, 6], "rotation": 90, "texture": "#0"},
				"west": {"uv": [0, 5, 2, 6], "rotation": 90, "texture": "#0"}
			}
		},
		{
			"from": [10.825, 12.55, 14.825],
			"to": [12.2, 15.425, 16.2],
			"rotation": {"angle": 0, "axis": "y", "origin": [16.95, 13.05, 22.95]},
			"faces": {
				"north": {"uv": [0, 5, 2, 6], "rotation": 90, "texture": "#0"},
				"east": {"uv": [0, 5, 2, 6], "rotation": 90, "texture": "#0"},
				"south": {"uv": [0, 5, 2, 6], "rotation": 90, "texture": "#0"},
				"west": {"uv": [0, 5, 2, 6], "rotation": 90, "texture": "#0"}
			}
		},
		{
			"from": [5.825, 7.825, -15.05],
			"to": [7.2, 9.2, -11.05],
			"rotation": {"angle": 0, "axis": "y", "origin": [11.95, 1.075, -15.05]},
			"faces": {
				"east": {"uv": [6, 5, 9, 6], "rotation": 180, "texture": "#0"},
				"west": {"uv": [6, 5, 9, 6], "rotation": 180, "texture": "#0"},
				"up": {"uv": [6, 5, 9, 6], "rotation": 90, "texture": "#0"},
				"down": {"uv": [6, 5, 9, 6], "rotation": 90, "texture": "#0"}
			}
		},
		{
			"from": [5.825, 10.825, -15.05],
			"to": [7.2, 12.2, -11.05],
			"rotation": {"angle": 0, "axis": "y", "origin": [11.95, 4.075, -15.05]},
			"faces": {
				"east": {"uv": [6, 5, 9, 6], "rotation": 180, "texture": "#0"},
				"west": {"uv": [6, 5, 9, 6], "rotation": 180, "texture": "#0"},
				"up": {"uv": [6, 5, 9, 6], "rotation": 90, "texture": "#0"},
				"down": {"uv": [6, 5, 9, 6], "rotation": 90, "texture": "#0"}
			}
		},
		{
			"from": [8.825, 10.825, -15.05],
			"to": [10.2, 12.2, -11.05],
			"rotation": {"angle": 0, "axis": "y", "origin": [14.95, 4.075, -15.05]},
			"faces": {
				"east": {"uv": [6, 5, 9, 6], "rotation": 180, "texture": "#0"},
				"west": {"uv": [6, 5, 9, 6], "rotation": 180, "texture": "#0"},
				"up": {"uv": [6, 5, 9, 6], "rotation": 90, "texture": "#0"},
				"down": {"uv": [6, 5, 9, 6], "rotation": 90, "texture": "#0"}
			}
		},
		{
			"from": [8.825, 7.825, -15.05],
			"to": [10.2, 9.2, -11.05],
			"rotation": {"angle": 0, "axis": "y", "origin": [14.95, 1.075, -15.05]},
			"faces": {
				"east": {"uv": [6, 5, 9, 6], "rotation": 180, "texture": "#0"},
				"west": {"uv": [6, 5, 9, 6], "rotation": 180, "texture": "#0"},
				"up": {"uv": [6, 5, 9, 6], "rotation": 90, "texture": "#0"},
				"down": {"uv": [6, 5, 9, 6], "rotation": 90, "texture": "#0"}
			}
		}
	],
	"display": {
		"head": {
			"translation": [0, 11.5, -18.25],
			"scale": [2.29, 2.29, 2.29]
		}
	},
	"groups": [0, 1, 2, 3, 4, 5, 6, 7, 8, 9, 10, 11, 12, 13, 14,
		{
			"name": "Layer",
			"origin": [9.9, 9.9, 23],
			"children": [15, 16, 17, 18, 19, 20]
		}
	]
}