{
	"parent": "item/guns/generic_gun",
	"textures": {
		"layer0": "item/guns/pistol/pistol"
	},
	"display": {
		"thirdperson_righthand": {
			"rotation": [-90, -90, -50],
			"translation": [0, 0.1, -2.5],
			"scale": [ 1.5, 1.5, 1.25 ]
		},
		"thirdperson_lefthand": {
			"rotation": [-90, 90, 50],
			"translation": [0, 0.1, -2.5],
			"scale": [ 1.5, 1.5, 1.25 ]
		},
		"firstperson_righthand": {
			"rotation": [-90, -90, -50],
			"translation": [7.43, 3.2, 1.13],
			"scale": [ 1.5, 1.5, 1.25 ]
		},
		"firstperson_lefthand": {
			"rotation": [-90, 90, 50],
			"translation": [7.43, 3.2, 1.13],
			"scale": [ 1.5, 1.5, 1.25 ]
		}
	}
}