{
    "parent": "item/generated",
    "textures": {
        "layer0": "item/guns/pistol/pistol"
    },
    "display": {
        "thirdperson_righthand": {
            "rotation": [ -90, -90, -50 ],
            "translation": [ 0, 0.1, -3 ],
            "scale": [ 1.5, 1.5, 1.25 ]
        },
        "thirdperson_lefthand": {
            "rotation": [ -90, 90, 50 ],
            "translation": [ 0, 0.1, -3 ],
            "scale": [ 1.5, 1.5, 1.25 ]
        },
        "firstperson_righthand": {
            "rotation": [ -90, -90, -15 ],
            "translation": [ 3.13, 2.6, 1.13],
            "scale": [ 1.5, 1.5, 1.25 ]
        },
		"firstperson_lefthand": {
            "rotation": [ 0, 90, -75 ],
            "translation": [ 3.13, 2.6, 1.13],
            "scale": [ 1.5, 1.5, 1.25 ]
        },
		
		
		
		"ground": {
			"rotation": [ 0, 0, 0 ],
			"translation": [ 0.0, 2.75, 0.0],
            "scale": [ 1.5, 1.5, 1.25 ]
        },
		"gui": {
			"rotation": [ 0, 0, 0 ],
            "scale": [ 2, 2, 1.25 ]
        },
		"fixed": {
			"rotation": [ 0, 180, 0 ],
			"translation": [ 0.0, 0.0, 0.0],
            "scale": [ 2, 2, 1.25 ]
        }
	}
}
