{
	"credit": "Made with Blockbench",
	"textures": {
		"0": "item/guns/blaster/blaster",
		"particle": "item/guns/blaster/blaster"
	},
	"elements": [
		{
			"from": [5.5, 0.5, 1],
			"to": [10.5, 5.5, 8],
			"faces": {
				"north": {"uv": [7, 0, 12, 5], "texture": "#0"},
				"east": {"uv": [7, 0, 0, 5], "texture": "#0"},
				"south": {"uv": [7, 0, 12, 5], "texture": "#0"},
				"west": {"uv": [0, 0, 7, 5], "texture": "#0"},
				"up": {"uv": [0, 11, 7, 16], "rotation": 90, "texture": "#0"},
				"down": {"uv": [7, 11, 0, 16], "rotation": 90, "texture": "#0"}
			}
		},
		{
			"from": [5.75, 1.75, 8],
			"to": [10.25, 4.25, 9.25],
			"faces": {
				"north": {"uv": [0, 0, 5, 2.5], "texture": "#missing"},
				"east": {"uv": [0, 11, 1, 9], "texture": "#0"},
				"west": {"uv": [0, 9, 1, 11], "texture": "#0"}
			}
		},
		{
			"from": [6.75, 0.75, 8],
			"to": [9.25, 5.25, 9.25],
			"rotation": {"angle": 0, "axis": "y", "origin": [8, 3, 8.5]},
			"faces": {
				"north": {"uv": [0, 0, 5, 2.5], "rotation": 270, "texture": "#missing"},
				"up": {"uv": [0, 9, 1, 11], "rotation": 90, "texture": "#0"},
				"down": {"uv": [0, 11, 1, 9], "rotation": 90, "texture": "#0"}
			}
		},
		{
			"from": [6, 1, 0],
			"to": [10, 5, 1],
			"faces": {
				"north": {"uv": [0, 5, 4, 9], "texture": "#0"},
				"east": {"uv": [4, 5, 5, 9], "texture": "#0"},
				"south": {"uv": [0, 5, 4, 9], "texture": "#0"},
				"west": {"uv": [4, 5, 5, 9], "texture": "#0"},
				"up": {"uv": [4, 5, 5, 9], "rotation": 90, "texture": "#0"},
				"down": {"uv": [4, 5, 5, 9], "rotation": 90, "texture": "#0"}
			}
		}
	],
	"display": {
		"thirdperson_righthand": {
			"translation": [0, 3, 7]
		},
		"thirdperson_lefthand": {
			"translation": [0, 3, 7]
		},
		"firstperson_righthand": {
			"rotation": [26, 10, 2],
			"translation": [3.5, 3.75, 1.5]
		},
		"firstperson_lefthand": {
			"rotation": [26, 10, 2],
			"translation": [3.5, 3.75, 1.5]
		},
		"ground": {
			"translation": [0, 3, 1.5],
			"scale": [0.5, 0.5, 0.5]
		},
		"gui": {
			"rotation": [0, 90, 0],
			"translation": [5.4, 7.75, 0],
			"scale": [0, 1.53, 1.53]
		},
		"fixed": {
			"rotation": [0, -90, 0],
			"translation": [-5.25, 7.75, -0.75],
			"scale": [0, 1.53, 1.53]
		}
	}
}