{
    "parent": "item/guns/generic_gun",
    "textures": {
        "layer0": "item/guns/rpg/rpg"
    },
    "display": {
        "thirdperson_righthand": {
            "rotation": [ -90, -90, -50 ],
            "translation": [ 0, 2.0, 4 ],
            "scale": [ 1.5, 1.5, 1.5 ]
        },
        "thirdperson_lefthand": {
            "rotation": [ -90, 90, 50 ],
            "translation": [ 0, 2.0, 4 ],
            "scale": [ 1.5, 1.5, 1.5 ]
        },
        "firstperson_righthand": {
            "rotation": [ -90, -90, -30 ],
            "translation": [ 3.13, 2.2, 1.13],
            "scale": [ 1.5, 1.5, 1.5 ]
        }
	}
}