{
	"credit": "Made with Blockbench",
	"textures": {
		"0": "item/items/binoculars/binoculars",
		"particle": "item/items/binoculars/binoculars"
	},
	"elements": [
		{
			"from": [7, 9, 7],
			"to": [9, 13.5, 9],
			"faces": {
				"north": {"uv": [0, 2, 2, 6], "texture": "#0"},
				"east": {"uv": [0, 2, 2, 6], "texture": "#0"},
				"south": {"uv": [0, 2, 2, 6], "texture": "#0"},
				"west": {"uv": [0, 2, 2, 6], "texture": "#0"},
				"up": {"uv": [2, 13, 4, 15], "texture": "#0"}
			}
		},
		{
			"from": [6.9, 6.1, 6.9],
			"to": [9.1, 9.55, 9.1],
			"faces": {
				"north": {"uv": [0, 10, 2, 13], "texture": "#0"},
				"east": {"uv": [0, 10, 2, 13], "texture": "#0"},
				"south": {"uv": [0, 10, 2, 13], "texture": "#0"},
				"west": {"uv": [0, 10, 2, 13], "texture": "#0"},
				"up": {"uv": [0, 10, 2, 13], "texture": "#0"},
				"down": {"uv": [0, 13, 2, 15], "texture": "#0"}
			}
		},
		{
			"from": [3.65, 6.1, 6.9],
			"to": [5.85, 9.55, 9.1],
			"faces": {
				"north": {"uv": [0, 10, 2, 13], "texture": "#0"},
				"east": {"uv": [0, 10, 2, 13], "texture": "#0"},
				"south": {"uv": [0, 10, 2, 13], "texture": "#0"},
				"west": {"uv": [0, 10, 2, 13], "texture": "#0"},
				"up": {"uv": [0, 10, 2, 13], "texture": "#0"},
				"down": {"uv": [0, 13, 2, 15], "texture": "#0"}
			}
		},
		{
			"from": [3.75, 9, 7],
			"to": [5.75, 13.5, 9],
			"faces": {
				"north": {"uv": [0, 2, 2, 6], "texture": "#0"},
				"east": {"uv": [0, 2, 2, 6], "texture": "#0"},
				"south": {"uv": [0, 2, 2, 6], "texture": "#0"},
				"west": {"uv": [0, 2, 2, 6], "texture": "#0"},
				"up": {"uv": [2, 13, 4, 15], "texture": "#0"}
			}
		},
		{
			"from": [5.75, 8, 7.25],
			"to": [7, 11.25, 8.75],
			"faces": {
				"north": {"uv": [0, 7, 1, 10], "texture": "#0"},
				"east": {"uv": [0, 7, 1, 10], "texture": "#0"},
				"south": {"uv": [0, 7, 1, 10], "texture": "#0"},
				"west": {"uv": [0, 7, 1, 10], "texture": "#0"},
				"up": {"uv": [0, 6, 1, 7], "texture": "#0"},
				"down": {"uv": [0, 6, 1, 7], "texture": "#0"}
			}
		}
	],
	"gui_light": "front",
	"display": {
		"thirdperson_righthand": {
			"rotation": [0, -90, 0],
			"translation": [0, -3, 0.5]
		},
		"thirdperson_lefthand": {
			"rotation": [0, 90, 0],
			"translation": [0, -3, 0.5]
		},
		"firstperson_righthand": {
			"translation": [0, -1.25, 0]
		},
		"firstperson_lefthand": {
			"translation": [0, -1.25, 0]
		},
		"ground": {
			"rotation": [90, 0, 0],
			"translation": [2, 0, -1.75]
		},
		"gui": {
			"rotation": [-67.5, 0, 45],
			"scale": [1.5, 1.5, 1.5]
		},
		"head": {
			"rotation": [90, 0, 0],
			"translation": [0, 0, -16],
			"scale": [1.6, 1.6, 1.6]
		},
		"fixed": {
			"translation": [2.5, -2.5, -1.5],
			"scale": [1.5, 1.5, 1.5]
		}
	}
}