{
    "parent": "item/guns/sniper/sniper",
    "textures": {
        "layer0": "item/guns/sniper/sniper_reload_0"
    },
    "display": {
        "thirdperson_righthand": {
            "rotation": [ -45, -80, -10 ],
            "translation": [ -1, 2.25, -3.5 ],
            "scale": [ 1.5, 1.5, 1.2 ]
        },
        "thirdperson_lefthand": {
            "rotation": [ 0, 0, 0 ],
            "translation": [ -1, 2.25, -3.5 ],
            "scale": [ 1.5, 1.5, 1.2 ]
        },
        "firstperson_righthand": {
            "rotation": [ -90, -90, -30 ],
            "translation": [ 3.13, 2.2, 1.13],
            "scale": [ 1.5, 1.5, 1.2 ]
        },
        "firstperson_lefthand": {
            "rotation": [ 0, 90, -30 ],
            "translation": [ 3.13, 2.2, 1.13],
            "scale": [ 1.5, 1.5, 1.2 ]
        }
	}
}