{
    "parent": "minecraft:item/handheld",
    "textures": {
        "layer0": "item/meele/katana"
    },
    "display": {
        "thirdperson_righthand": {
            "rotation": [ 0, -90, 55 ],
            "translation": [ 0, 6.0, 0.5 ],
            "scale": [ 2, 2, 1 ]
        },
        "thirdperson_lefthand": {
            "rotation": [ 0, 90, 55 ],
            "translation": [ 0, 6.0, 2.5 ],
            "scale": [ 2, 2, 1 ]
        },
        "firstperson_righthand": {
            "rotation": [ 0, -90, 25 ],
            "translation": [ 1.13, 3.2, 1.13 ],
            "scale": [ 2, 2, 1 ]
        },
        "firstperson_lefthand": {
            "rotation": [ 0, 90, 25 ],
            "translation": [ 1.13, 3.2, 1.13 ],
            "scale": [ 2, 2, 1 ]
        },
		
		
		"ground": {
			"rotation": [ 0, 0, 0 ],
			"translation": [ 0.0, 2.75, 0.0],
            "scale": [ 1.5, 1.5, 1 ]
        },
		"gui": {
			"rotation": [ 0, 0, 0 ],
            "scale": [ 2, 2, 1 ]
        },
		"fixed": {
			"rotation": [ 0, 180, 0 ],
			"translation": [ 0.0, 0.0, 0.0],
            "scale": [ 2, 2, 1 ]
        }
    }
}
