{
    "parent": "item/bow",
    "textures": {
        "layer0": "item/items/gernade/gernade"
    },
    "display": {
        "thirdperson_righthand": {
            "rotation": [ -0, 90, 0 ],
            "translation": [ 0, 0.1, -1 ],
            "scale": [ 0.5, 0.5, 0.5 ]
        },
        "thirdperson_lefthand": {
            "rotation": [ -0, 90, 0 ],
            "translation": [ 0, 0.1, 5 ],
            "scale": [ 0.0, 0.0, 0.0 ]
        },
        "firstperson_righthand": {
            "rotation": [ 0, 90, -5 ],
            "translation": [ 1.13, 2.2, -1.13],
            "scale": [ 0.68, 0.68, 0.68 ]
        },
        "firstperson_lefthand": {
            "rotation": [ -90, 90, 5 ],
            "translation": [ 1.13, 2.2, 1.13],
            "scale": [ 0.0, 0.0, 0.0 ]
        }
    }
}
