{
	"credit": "Made with Blockbench",
	"textures": {
		"0": "item/vehicles/turret/turret_3",
		"particle": "item/vehicles/turret/turret_3"
	},
	"elements": [
		{
			"from": [0, 0, 0],
			"to": [16, 2, 16],
			"rotation": {"angle": 0, "axis": "y", "origin": [8, 9, 8]},
			"faces": {
				"north": {"uv": [0, 8, 8, 9], "texture": "#0"},
				"east": {"uv": [0, 8, 8, 9], "texture": "#0"},
				"south": {"uv": [0, 8, 8, 9], "texture": "#0"},
				"west": {"uv": [0, 8, 8, 9], "texture": "#0"},
				"up": {"uv": [0, 0, 8, 8], "texture": "#0"},
				"down": {"uv": [0, 0, 8, 8], "texture": "#0"}
			}
		},
		{
			"from": [2, 2, 2],
			"to": [14, 3, 14],
			"rotation": {"angle": 0, "axis": "y", "origin": [8, 10, 8]},
			"faces": {
				"north": {"uv": [10, 6, 16, 6.5], "texture": "#0"},
				"east": {"uv": [10, 6, 16, 6.5], "texture": "#0"},
				"south": {"uv": [10, 6, 16, 6.5], "texture": "#0"},
				"west": {"uv": [10, 6, 16, 6.5], "texture": "#0"},
				"up": {"uv": [10, 0, 16, 6], "texture": "#0"},
				"down": {"uv": [10, 0, 16, 6], "texture": "#0"}
			}
		},
		{
			"from": [16, -4, 5],
			"to": [17, 2, 11],
			"rotation": {"angle": 0, "axis": "y", "origin": [24, -6, 14]},
			"faces": {
				"north": {"uv": [13, 9.5, 16, 10], "rotation": 270, "texture": "#0"},
				"east": {"uv": [13, 6.5, 16, 9.5], "rotation": 270, "texture": "#0"},
				"south": {"uv": [13, 9.5, 16, 10], "rotation": 270, "texture": "#0"},
				"west": {"uv": [13, 6.5, 16, 9.5], "rotation": 270, "texture": "#0"},
				"up": {"uv": [13, 9.5, 16, 10], "rotation": 270, "texture": "#0"},
				"down": {"uv": [13, 9.5, 16, 10], "rotation": 270, "texture": "#0"}
			}
		},
		{
			"from": [-1, -4, 5],
			"to": [0, 2, 11],
			"rotation": {"angle": 0, "axis": "y", "origin": [7, -6, 14]},
			"faces": {
				"north": {"uv": [13, 9.5, 16, 10], "rotation": 270, "texture": "#0"},
				"east": {"uv": [13, 6.5, 16, 9.5], "rotation": 270, "texture": "#0"},
				"south": {"uv": [13, 9.5, 16, 10], "rotation": 270, "texture": "#0"},
				"west": {"uv": [13, 6.5, 16, 9.5], "rotation": 270, "texture": "#0"},
				"up": {"uv": [13, 9.5, 16, 10], "rotation": 270, "texture": "#0"},
				"down": {"uv": [13, 9.5, 16, 10], "rotation": 270, "texture": "#0"}
			}
		},
		{
			"from": [5, 3, 5],
			"to": [11, 5, 11],
			"rotation": {"angle": 0, "axis": "z", "origin": [13, 11, 14]},
			"faces": {
				"north": {"uv": [13, 9.5, 16, 10.5], "texture": "#0"},
				"east": {"uv": [13, 9.5, 16, 10.5], "rotation": 180, "texture": "#0"},
				"south": {"uv": [13, 9.5, 16, 10.5], "rotation": 180, "texture": "#0"},
				"west": {"uv": [13, 9.5, 16, 10.5], "rotation": 180, "texture": "#0"},
				"up": {"uv": [13, 6.5, 16, 9.5], "rotation": 180, "texture": "#0"},
				"down": {"uv": [13, 6.5, 16, 9.5], "rotation": 180, "texture": "#0"}
			}
		},
		{
			"from": [5, -4, -1],
			"to": [11, 2, 0],
			"rotation": {"angle": 0, "axis": "x", "origin": [13, 5, -8]},
			"faces": {
				"north": {"uv": [13, 6.5, 16, 9.5], "texture": "#0"},
				"east": {"uv": [13, 9.5, 16, 10], "rotation": 270, "texture": "#0"},
				"south": {"uv": [13, 6.5, 16, 9.5], "rotation": 180, "texture": "#0"},
				"west": {"uv": [13, 9.5, 16, 10], "rotation": 90, "texture": "#0"},
				"up": {"uv": [13, 9.5, 16, 10], "rotation": 180, "texture": "#0"},
				"down": {"uv": [13, 9.5, 16, 10], "rotation": 180, "texture": "#0"}
			}
		},
		{
			"from": [5, -4, 16],
			"to": [11, 2, 17],
			"rotation": {"angle": 0, "axis": "x", "origin": [13, 5, 9]},
			"faces": {
				"north": {"uv": [13, 6.5, 16, 9.5], "texture": "#0"},
				"east": {"uv": [13, 9.5, 16, 10], "rotation": 270, "texture": "#0"},
				"south": {"uv": [13, 6.5, 16, 9.5], "rotation": 180, "texture": "#0"},
				"west": {"uv": [13, 9.5, 16, 10], "rotation": 90, "texture": "#0"},
				"up": {"uv": [13, 9.5, 16, 10], "rotation": 180, "texture": "#0"},
				"down": {"uv": [13, 9.5, 16, 10], "rotation": 180, "texture": "#0"}
			}
		},
		{
			"from": [6, 5, 6],
			"to": [10, 15, 10],
			"rotation": {"angle": 0, "axis": "z", "origin": [14, 13, 14]},
			"faces": {
				"north": {"uv": [8, 2, 10, 8], "rotation": 180, "texture": "#0"},
				"east": {"uv": [8, 2, 10, 8], "rotation": 180, "texture": "#0"},
				"south": {"uv": [8, 2, 10, 8], "rotation": 180, "texture": "#0"},
				"west": {"uv": [8, 2, 10, 8], "rotation": 180, "texture": "#0"},
				"up": {"uv": [8, 0, 10, 2], "rotation": 270, "texture": "#0"},
				"down": {"uv": [8, 0, 10, 2], "rotation": 90, "texture": "#0"}
			}
		}
	],
	"display": {
		"head": {
			"translation": [0, -30.4, 0],
			"scale": [1.6, 1.6, 1.6]
		}
	}
}